INFO: kbplacer_plugin_action.py:73: Plugin version: 0.18
INFO: kbplacer_plugin_action.py:74: Python version: '3.11.5 (main, Jan 23 2026, 07:39:48) [MSC v.1944 64 bit (AMD64)]'
INFO: kbplacer_plugin_action.py:75: KiCad version: 10.0.4 with 4.2.2 msw (phoenix) wxWidgets 3.3.2
INFO: kbplacer_dialog.py:799: Language: en
INFO: kbplacer_plugin_action.py:83: GUI state: {"layout_path": "https://editor.keyboard-tools.xyz/#share=NrBEFEGcGNQGgN6gB6gFwEYC+dQDEN58AmIvAZjIBZ4lU0AGAOgFYd8WyA2MgdjIActFOmZtceAJxkMDGYQkZSiEYybFxoAAoAnAC4BlWLiM6A9gBsLAAgAyZ6AGsiWgIYBXSAFMAOgDsAIR0vV2cAXThgJABPUVZ2AD9-AAMiAEJ-BVAAAX9lUABif0pcABJ-GlwAUn9OXAA9fx5cADJ-flwAKn8hXAAKf2lcAEp-OVwAfX8AWiIAan8AXmEAd3RidgDXJ0gAB22vYXpmDXYAST9vfSIACTMAW0PcLQBzAFVdo7jT3AA5d3udgczlwAHoiJ0iLMIlFQGtMPFcAAVVwAIyIAEUiAB1IjgIgAJSISKIAE0iG8iGciAB5FxEBD+MC4LD+MKrdAYRGgAA+-h8Pi+ah+oAAIl4LF49E8IH4ACYuF6ivxCk6aXj+O6PIgCfyARMIiJJ-K8PsIABbrdhzUAwpDwrm8TQAYVcu0gQKcRAAgkQDERRWQiABxW5EABSRAA0kRbEQ0P4ANxEQX+ADkHLQxHUmnAfmlOiF5G5VH8gATCIh1UBcfyAJMJVdncK5ROwbZEkE20FRcPCsyKDGaAJYAMz0RAAWkQABpEJ1EABqRACRF+RAAskQADz+XC4AB8-iYRAA-P5wSoe0xHex+8PRyp6FyRQb75zs+wMP5cwrcMR-IBkwiIchjSVFUVAtTN2FzfNW1he031wJ09B0CwM0fTRsQHUC7VfEUvQsO921Ebt0C4eDQGEDsuzhHDNDwgjqIREUMKwhi0PYVcvD8dxULIxDkPrEVy1wADcDrF9hRYYiINwBh-AuSAiCYfxxRQsIwiAA", "key_distance": [19.05, 19.05], "key_info": {"annotation_format": "SW{}", "position_option": "Default", "position": {"x": 0.0, "y": 0.0, "orientation": 0.0, "side": "Front"}, "template_path": "", "start_index": 1}, "enable_diode_placement": true, "route_switches_with_diodes": true, "optimize_diodes_orientation": true, "diode_info": {"annotation_format": "D{}", "position_option": "Default", "position": {"x": 5.08, "y": 4.0, "orientation": 90.0, "side": "Back"}, "template_path": "", "start_index": -1}, "additional_elements": [{"annotation_format": "ST{}", "position_option": "Custom", "position": {"x": 0.0, "y": 0.0, "orientation": 0.0, "side": "Front"}, "template_path": "", "start_index": -1}], "route_rows_and_columns": true, "template_path": "", "generate_outline": true, "outline_delta": 0.0, "layout_offset": null}
WARNING: key_placer.py:137: Unexpected switch net position detected, each switch should have two unique nets unambiguously defining position in key matrix, switch-by-matrix association can't be used
DEBUG: key_placer.py:144: Switches by nets: {}
DEBUG: key_placer.py:148: Diodes by switch: {'SW105': ['D104'], 'SW104': ['D103'], 'SW103': ['D102'], 'SW102': ['D101'], 'SW101': ['D100'], 'SW100': ['D99'], 'SW99': ['D98'], 'SW98': ['D97'], 'SW97': ['D96'], 'SW96': ['D95'], 'SW95': ['D94'], 'SW94': ['D93'], 'SW93': ['D92'], 'SW92': ['D91'], 'SW91': ['D90'], 'SW90': ['D89'], 'SW89': ['D88'], 'SW88': ['D87'], 'SW87': ['D86'], 'SW86': ['D85'], 'SW85': ['D84'], 'SW84': ['D83'], 'SW83': ['D82'], 'SW82': ['D81'], 'SW81': ['D80'], 'SW80': ['D79'], 'SW79': ['D78'], 'SW78': ['D77'], 'SW77': ['D76'], 'SW76': ['D75'], 'SW75': ['D74'], 'SW74': ['D73'], 'SW73': ['D72'], 'SW72': ['D71'], 'SW71': ['D70'], 'SW70': ['D69'], 'SW69': ['D68'], 'SW68': ['D67'], 'SW67': ['D66'], 'SW66': ['D65'], 'SW65': ['D64'], 'SW64': ['D63'], 'SW63': ['D62'], 'SW62': ['D61'], 'SW61': ['D60'], 'SW60': ['D59'], 'SW59': ['D58'], 'SW58': ['D57'], 'SW57': ['D56'], 'SW56': ['D55'], 'SW55': ['D54'], 'SW54': ['D53'], 'SW53': ['D52'], 'SW52': ['D51'], 'SW51': ['D50'], 'SW50': ['D49'], 'SW49': ['D48'], 'SW48': ['D47'], 'SW47': ['D46'], 'SW46': ['D45'], 'SW45': ['D44'], 'SW44': ['D43'], 'SW43': ['D42'], 'SW42': ['D41'], 'SW41': ['D40'], 'SW40': ['D39'], 'SW39': ['D38'], 'SW38': ['D37'], 'SW37': ['D36'], 'SW36': ['D35'], 'SW35': ['D34'], 'SW34': ['D33'], 'SW33': ['D32'], 'SW32': ['D31'], 'SW31': ['D30'], 'SW30': ['D29'], 'SW29': ['D28'], 'SW28': ['D27'], 'SW27': ['D26'], 'SW26': ['D25'], 'SW25': ['D24'], 'SW24': ['D23'], 'SW23': ['D22'], 'SW22': ['D21'], 'SW21': ['D20'], 'SW20': ['D19'], 'SW19': ['D18'], 'SW18': ['D17'], 'SW17': ['D16'], 'SW16': ['D15'], 'SW15': ['D14'], 'SW14': ['D13'], 'SW13': ['D12'], 'SW12': ['D11'], 'SW11': ['D10'], 'SW10': ['D9'], 'SW9': ['D8'], 'SW8': ['D7'], 'SW7': ['D6'], 'SW6': ['D5'], 'SW5': ['D4'], 'SW4': ['D3'], 'SW3': ['D2'], 'SW2': ['D1']}
DEBUG: key_placer.py:757: Using key 1U distance: (19.05, 19.05) mm
DEBUG: key_placer.py:775: Layout offset: (28575000, 28575000)
DEBUG: kle_serial.py:1132: Layout with: x_ortholinear_keys=28, y_ortholinear_keys=16, rotated_keys=0, encoders=0, iso_enters=0 and unrecognized_shape_keys=0
DEBUG: kle_serial.py:1157: Layout tagged: [<KeyboardTag.ROW_STAGGERED: 2>]
DEBUG: board_modifier.py:119: Setting SW1 footprint position: (38100000, 38100000)
DEBUG: board_modifier.py:119: Setting SW2 footprint position: (76200000, 38100000)
DEBUG: board_modifier.py:119: Setting SW3 footprint position: (95250000, 38100000)
DEBUG: board_modifier.py:119: Setting SW4 footprint position: (114300000, 38100000)
DEBUG: board_modifier.py:119: Setting SW5 footprint position: (133350000, 38100000)
DEBUG: board_modifier.py:119: Setting SW6 footprint position: (161925000, 38100000)
DEBUG: board_modifier.py:119: Setting SW7 footprint position: (180975000, 38100000)
DEBUG: board_modifier.py:119: Setting SW8 footprint position: (200025000, 38100000)
DEBUG: board_modifier.py:119: Setting SW9 footprint position: (219075000, 38100000)
DEBUG: board_modifier.py:119: Setting SW10 footprint position: (247650000, 38100000)
DEBUG: board_modifier.py:119: Setting SW11 footprint position: (266700000, 38100000)
DEBUG: board_modifier.py:119: Setting SW12 footprint position: (285750000, 38100000)
DEBUG: board_modifier.py:119: Setting SW13 footprint position: (304800000, 38100000)
DEBUG: board_modifier.py:119: Setting SW14 footprint position: (328612500, 38100000)
DEBUG: board_modifier.py:119: Setting SW15 footprint position: (347662500, 38100000)
DEBUG: board_modifier.py:119: Setting SW16 footprint position: (366712500, 38100000)
DEBUG: board_modifier.py:119: Setting SW17 footprint position: (38100000, 66675000)
DEBUG: board_modifier.py:119: Setting SW18 footprint position: (57150000, 66675000)
DEBUG: board_modifier.py:119: Setting SW19 footprint position: (76200000, 66675000)
DEBUG: board_modifier.py:119: Setting SW20 footprint position: (95250000, 66675000)
DEBUG: board_modifier.py:119: Setting SW21 footprint position: (114300000, 66675000)
DEBUG: board_modifier.py:119: Setting SW22 footprint position: (133350000, 66675000)
DEBUG: board_modifier.py:119: Setting SW23 footprint position: (152400000, 66675000)
DEBUG: board_modifier.py:119: Setting SW24 footprint position: (171450000, 66675000)
DEBUG: board_modifier.py:119: Setting SW25 footprint position: (190500000, 66675000)
DEBUG: board_modifier.py:119: Setting SW26 footprint position: (209550000, 66675000)
DEBUG: board_modifier.py:119: Setting SW27 footprint position: (228600000, 66675000)
DEBUG: board_modifier.py:119: Setting SW28 footprint position: (247650000, 66675000)
DEBUG: board_modifier.py:119: Setting SW29 footprint position: (266700000, 66675000)
DEBUG: board_modifier.py:119: Setting SW30 footprint position: (295275000, 66675000)
DEBUG: board_modifier.py:119: Setting SW31 footprint position: (328612500, 66675000)
DEBUG: board_modifier.py:119: Setting SW32 footprint position: (347662500, 66675000)
DEBUG: board_modifier.py:119: Setting SW33 footprint position: (366712500, 66675000)
DEBUG: board_modifier.py:119: Setting SW34 footprint position: (390525000, 66675000)
DEBUG: board_modifier.py:119: Setting SW35 footprint position: (409575000, 66675000)
DEBUG: board_modifier.py:119: Setting SW36 footprint position: (428625000, 66675000)
DEBUG: board_modifier.py:119: Setting SW37 footprint position: (447675000, 66675000)
DEBUG: board_modifier.py:119: Setting SW38 footprint position: (42862500, 85725000)
DEBUG: board_modifier.py:119: Setting SW39 footprint position: (66675000, 85725000)
DEBUG: board_modifier.py:119: Setting SW40 footprint position: (85725000, 85725000)
DEBUG: board_modifier.py:119: Setting SW41 footprint position: (104775000, 85725000)
DEBUG: board_modifier.py:119: Setting SW42 footprint position: (123825000, 85725000)
DEBUG: board_modifier.py:119: Setting SW43 footprint position: (142875000, 85725000)
DEBUG: board_modifier.py:119: Setting SW44 footprint position: (161925000, 85725000)
DEBUG: board_modifier.py:119: Setting SW45 footprint position: (180975000, 85725000)
DEBUG: board_modifier.py:119: Setting SW46 footprint position: (200025000, 85725000)
DEBUG: board_modifier.py:119: Setting SW47 footprint position: (219075000, 85725000)
DEBUG: board_modifier.py:119: Setting SW48 footprint position: (238125000, 85725000)
DEBUG: board_modifier.py:119: Setting SW49 footprint position: (257175000, 85725000)
DEBUG: board_modifier.py:119: Setting SW50 footprint position: (276225000, 85725000)
DEBUG: board_modifier.py:119: Setting SW51 footprint position: (300037500, 85725000)
DEBUG: board_modifier.py:119: Setting SW52 footprint position: (328612500, 85725000)
DEBUG: board_modifier.py:119: Setting SW53 footprint position: (347662500, 85725000)
DEBUG: board_modifier.py:119: Setting SW54 footprint position: (366712500, 85725000)
DEBUG: board_modifier.py:119: Setting SW55 footprint position: (390525000, 85725000)
DEBUG: board_modifier.py:119: Setting SW56 footprint position: (409575000, 85725000)
DEBUG: board_modifier.py:119: Setting SW57 footprint position: (428625000, 85725000)
DEBUG: board_modifier.py:119: Setting SW58 footprint position: (447675000, 95250000)
DEBUG: board_modifier.py:119: Setting SW59 footprint position: (45243750, 104775000)
DEBUG: board_modifier.py:119: Setting SW60 footprint position: (71437500, 104775000)
DEBUG: board_modifier.py:119: Setting SW61 footprint position: (90487500, 104775000)
DEBUG: board_modifier.py:119: Setting SW62 footprint position: (109537500, 104775000)
DEBUG: board_modifier.py:119: Setting SW63 footprint position: (128587500, 104775000)
DEBUG: board_modifier.py:119: Setting SW64 footprint position: (147637500, 104775000)
DEBUG: board_modifier.py:119: Setting SW65 footprint position: (166687500, 104775000)
DEBUG: board_modifier.py:119: Setting SW66 footprint position: (185737500, 104775000)
DEBUG: board_modifier.py:119: Setting SW67 footprint position: (204787500, 104775000)
DEBUG: board_modifier.py:119: Setting SW68 footprint position: (223837500, 104775000)
DEBUG: board_modifier.py:119: Setting SW69 footprint position: (242887500, 104775000)
DEBUG: board_modifier.py:119: Setting SW70 footprint position: (261937500, 104775000)
DEBUG: board_modifier.py:119: Setting SW71 footprint position: (292893750, 104775000)
DEBUG: board_modifier.py:119: Setting SW72 footprint position: (390525000, 104775000)
DEBUG: board_modifier.py:119: Setting SW73 footprint position: (409575000, 104775000)
DEBUG: board_modifier.py:119: Setting SW74 footprint position: (428625000, 104775000)
DEBUG: board_modifier.py:119: Setting SW75 footprint position: (452437500, 104775000)
DEBUG: board_modifier.py:119: Setting SW76 footprint position: (50006250, 123825000)
DEBUG: board_modifier.py:119: Setting SW77 footprint position: (80962500, 123825000)
DEBUG: board_modifier.py:119: Setting SW78 footprint position: (100012500, 123825000)
DEBUG: board_modifier.py:119: Setting SW79 footprint position: (119062500, 123825000)
DEBUG: board_modifier.py:119: Setting SW80 footprint position: (138112500, 123825000)
DEBUG: board_modifier.py:119: Setting SW81 footprint position: (157162500, 123825000)
DEBUG: board_modifier.py:119: Setting SW82 footprint position: (176212500, 123825000)
DEBUG: board_modifier.py:119: Setting SW83 footprint position: (195262500, 123825000)
DEBUG: board_modifier.py:119: Setting SW84 footprint position: (214312500, 123825000)
DEBUG: board_modifier.py:119: Setting SW85 footprint position: (233362500, 123825000)
DEBUG: board_modifier.py:119: Setting SW86 footprint position: (252412500, 123825000)
DEBUG: board_modifier.py:119: Setting SW87 footprint position: (288131250, 123825000)
DEBUG: board_modifier.py:119: Setting SW88 footprint position: (347662500, 123825000)
DEBUG: board_modifier.py:119: Setting SW89 footprint position: (390525000, 123825000)
DEBUG: board_modifier.py:119: Setting SW90 footprint position: (409575000, 123825000)
DEBUG: board_modifier.py:119: Setting SW91 footprint position: (428625000, 123825000)
DEBUG: board_modifier.py:119: Setting SW92 footprint position: (447675000, 133350000)
DEBUG: board_modifier.py:119: Setting SW93 footprint position: (40481250, 142875000)
DEBUG: board_modifier.py:119: Setting SW94 footprint position: (64293750, 142875000)
DEBUG: board_modifier.py:119: Setting SW95 footprint position: (88106250, 142875000)
DEBUG: board_modifier.py:119: Setting SW96 footprint position: (159543750, 142875000)
DEBUG: board_modifier.py:119: Setting SW97 footprint position: (230981250, 142875000)
DEBUG: board_modifier.py:119: Setting SW98 footprint position: (254793750, 142875000)
DEBUG: board_modifier.py:119: Setting SW99 footprint position: (278606250, 142875000)
DEBUG: board_modifier.py:119: Setting SW100 footprint position: (302418750, 142875000)
DEBUG: board_modifier.py:119: Setting SW101 footprint position: (328612500, 142875000)
DEBUG: board_modifier.py:119: Setting SW102 footprint position: (347662500, 142875000)
DEBUG: board_modifier.py:119: Setting SW103 footprint position: (366712500, 142875000)
DEBUG: board_modifier.py:119: Setting SW104 footprint position: (400050000, 142875000)
DEBUG: board_modifier.py:119: Setting SW105 footprint position: (428625000, 142875000)
INFO: key_placer.py:1188: Diode info: [ElementInfo(annotation_format='D{}', position_option=<PositionOption.DEFAULT: 'Default'>, position=ElementPosition(x=5.08, y=4.0, orientation=90.0, side=<Side.BACK: 'Back'>), template_path='', start_index=-1)]
DEBUG: board_modifier.py:132: Getting SW1 footprint position: (38100000, 38100000)
DEBUG: board_modifier.py:132: Getting SW2 footprint position: (76200000, 38100000)
DEBUG: board_modifier.py:119: Setting D1 footprint position: (81280000, 42100000)
DEBUG: board_modifier.py:132: Getting SW3 footprint position: (95250000, 38100000)
DEBUG: board_modifier.py:119: Setting D2 footprint position: (100330000, 42100000)
DEBUG: board_modifier.py:132: Getting SW4 footprint position: (114300000, 38100000)
DEBUG: board_modifier.py:119: Setting D3 footprint position: (119380000, 42100000)
DEBUG: board_modifier.py:132: Getting SW5 footprint position: (133350000, 38100000)
DEBUG: board_modifier.py:119: Setting D4 footprint position: (138430000, 42100000)
DEBUG: board_modifier.py:132: Getting SW6 footprint position: (161925000, 38100000)
DEBUG: board_modifier.py:119: Setting D5 footprint position: (167005000, 42100000)
DEBUG: board_modifier.py:132: Getting SW7 footprint position: (180975000, 38100000)
DEBUG: board_modifier.py:119: Setting D6 footprint position: (186055000, 42100000)
DEBUG: board_modifier.py:132: Getting SW8 footprint position: (200025000, 38100000)
DEBUG: board_modifier.py:119: Setting D7 footprint position: (205105000, 42100000)
DEBUG: board_modifier.py:132: Getting SW9 footprint position: (219075000, 38100000)
DEBUG: board_modifier.py:119: Setting D8 footprint position: (224155000, 42100000)
DEBUG: board_modifier.py:132: Getting SW10 footprint position: (247650000, 38100000)
DEBUG: board_modifier.py:119: Setting D9 footprint position: (252730000, 42100000)
DEBUG: board_modifier.py:132: Getting SW11 footprint position: (266700000, 38100000)
DEBUG: board_modifier.py:119: Setting D10 footprint position: (271780000, 42100000)
DEBUG: board_modifier.py:132: Getting SW12 footprint position: (285750000, 38100000)
DEBUG: board_modifier.py:119: Setting D11 footprint position: (290830000, 42100000)
DEBUG: board_modifier.py:132: Getting SW13 footprint position: (304800000, 38100000)
DEBUG: board_modifier.py:119: Setting D12 footprint position: (309880000, 42100000)
DEBUG: board_modifier.py:132: Getting SW14 footprint position: (328612500, 38100000)
DEBUG: board_modifier.py:119: Setting D13 footprint position: (333692500, 42100000)
DEBUG: board_modifier.py:132: Getting SW15 footprint position: (347662500, 38100000)
DEBUG: board_modifier.py:119: Setting D14 footprint position: (352742500, 42100000)
DEBUG: board_modifier.py:132: Getting SW16 footprint position: (366712500, 38100000)
DEBUG: board_modifier.py:119: Setting D15 footprint position: (371792500, 42100000)
DEBUG: board_modifier.py:132: Getting SW17 footprint position: (38100000, 66675000)
DEBUG: board_modifier.py:119: Setting D16 footprint position: (43180000, 70675000)
DEBUG: board_modifier.py:132: Getting SW18 footprint position: (57150000, 66675000)
DEBUG: board_modifier.py:119: Setting D17 footprint position: (62230000, 70675000)
DEBUG: board_modifier.py:132: Getting SW19 footprint position: (76200000, 66675000)
DEBUG: board_modifier.py:119: Setting D18 footprint position: (81280000, 70675000)
DEBUG: board_modifier.py:132: Getting SW20 footprint position: (95250000, 66675000)
DEBUG: board_modifier.py:119: Setting D19 footprint position: (100330000, 70675000)
DEBUG: board_modifier.py:132: Getting SW21 footprint position: (114300000, 66675000)
DEBUG: board_modifier.py:119: Setting D20 footprint position: (119380000, 70675000)
DEBUG: board_modifier.py:132: Getting SW22 footprint position: (133350000, 66675000)
DEBUG: board_modifier.py:119: Setting D21 footprint position: (138430000, 70675000)
DEBUG: board_modifier.py:132: Getting SW23 footprint position: (152400000, 66675000)
DEBUG: board_modifier.py:119: Setting D22 footprint position: (157480000, 70675000)
DEBUG: board_modifier.py:132: Getting SW24 footprint position: (171450000, 66675000)
DEBUG: board_modifier.py:119: Setting D23 footprint position: (176530000, 70675000)
DEBUG: board_modifier.py:132: Getting SW25 footprint position: (190500000, 66675000)
DEBUG: board_modifier.py:119: Setting D24 footprint position: (195580000, 70675000)
DEBUG: board_modifier.py:132: Getting SW26 footprint position: (209550000, 66675000)
DEBUG: board_modifier.py:119: Setting D25 footprint position: (214630000, 70675000)
DEBUG: board_modifier.py:132: Getting SW27 footprint position: (228600000, 66675000)
DEBUG: board_modifier.py:119: Setting D26 footprint position: (233680000, 70675000)
DEBUG: board_modifier.py:132: Getting SW28 footprint position: (247650000, 66675000)
DEBUG: board_modifier.py:119: Setting D27 footprint position: (252730000, 70675000)
DEBUG: board_modifier.py:132: Getting SW29 footprint position: (266700000, 66675000)
DEBUG: board_modifier.py:119: Setting D28 footprint position: (271780000, 70675000)
DEBUG: board_modifier.py:132: Getting SW30 footprint position: (295275000, 66675000)
DEBUG: board_modifier.py:119: Setting D29 footprint position: (300355000, 70675000)
DEBUG: board_modifier.py:132: Getting SW31 footprint position: (328612500, 66675000)
DEBUG: board_modifier.py:119: Setting D30 footprint position: (333692500, 70675000)
DEBUG: board_modifier.py:132: Getting SW32 footprint position: (347662500, 66675000)
DEBUG: board_modifier.py:119: Setting D31 footprint position: (352742500, 70675000)
DEBUG: board_modifier.py:132: Getting SW33 footprint position: (366712500, 66675000)
DEBUG: board_modifier.py:119: Setting D32 footprint position: (371792500, 70675000)
DEBUG: board_modifier.py:132: Getting SW34 footprint position: (390525000, 66675000)
DEBUG: board_modifier.py:119: Setting D33 footprint position: (395605000, 70675000)
DEBUG: board_modifier.py:132: Getting SW35 footprint position: (409575000, 66675000)
DEBUG: board_modifier.py:119: Setting D34 footprint position: (414655000, 70675000)
DEBUG: board_modifier.py:132: Getting SW36 footprint position: (428625000, 66675000)
DEBUG: board_modifier.py:119: Setting D35 footprint position: (433705000, 70675000)
DEBUG: board_modifier.py:132: Getting SW37 footprint position: (447675000, 66675000)
DEBUG: board_modifier.py:119: Setting D36 footprint position: (452755000, 70675000)
DEBUG: board_modifier.py:132: Getting SW38 footprint position: (42862500, 85725000)
DEBUG: board_modifier.py:119: Setting D37 footprint position: (47942500, 89725000)
DEBUG: board_modifier.py:132: Getting SW39 footprint position: (66675000, 85725000)
DEBUG: board_modifier.py:119: Setting D38 footprint position: (71755000, 89725000)
DEBUG: board_modifier.py:132: Getting SW40 footprint position: (85725000, 85725000)
DEBUG: board_modifier.py:119: Setting D39 footprint position: (90805000, 89725000)
DEBUG: board_modifier.py:132: Getting SW41 footprint position: (104775000, 85725000)
DEBUG: board_modifier.py:119: Setting D40 footprint position: (109855000, 89725000)
DEBUG: board_modifier.py:132: Getting SW42 footprint position: (123825000, 85725000)
DEBUG: board_modifier.py:119: Setting D41 footprint position: (128905000, 89725000)
DEBUG: board_modifier.py:132: Getting SW43 footprint position: (142875000, 85725000)
DEBUG: board_modifier.py:119: Setting D42 footprint position: (147955000, 89725000)
DEBUG: board_modifier.py:132: Getting SW44 footprint position: (161925000, 85725000)
DEBUG: board_modifier.py:119: Setting D43 footprint position: (167005000, 89725000)
DEBUG: board_modifier.py:132: Getting SW45 footprint position: (180975000, 85725000)
DEBUG: board_modifier.py:119: Setting D44 footprint position: (186055000, 89725000)
DEBUG: board_modifier.py:132: Getting SW46 footprint position: (200025000, 85725000)
DEBUG: board_modifier.py:119: Setting D45 footprint position: (205105000, 89725000)
DEBUG: board_modifier.py:132: Getting SW47 footprint position: (219075000, 85725000)
DEBUG: board_modifier.py:119: Setting D46 footprint position: (224155000, 89725000)
DEBUG: board_modifier.py:132: Getting SW48 footprint position: (238125000, 85725000)
DEBUG: board_modifier.py:119: Setting D47 footprint position: (243205000, 89725000)
DEBUG: board_modifier.py:132: Getting SW49 footprint position: (257175000, 85725000)
DEBUG: board_modifier.py:119: Setting D48 footprint position: (262255000, 89725000)
DEBUG: board_modifier.py:132: Getting SW50 footprint position: (276225000, 85725000)
DEBUG: board_modifier.py:119: Setting D49 footprint position: (281305000, 89725000)
DEBUG: board_modifier.py:132: Getting SW51 footprint position: (300037500, 85725000)
DEBUG: board_modifier.py:119: Setting D50 footprint position: (305117500, 89725000)
DEBUG: board_modifier.py:132: Getting SW52 footprint position: (328612500, 85725000)
DEBUG: board_modifier.py:119: Setting D51 footprint position: (333692500, 89725000)
DEBUG: board_modifier.py:132: Getting SW53 footprint position: (347662500, 85725000)
DEBUG: board_modifier.py:119: Setting D52 footprint position: (352742500, 89725000)
DEBUG: board_modifier.py:132: Getting SW54 footprint position: (366712500, 85725000)
DEBUG: board_modifier.py:119: Setting D53 footprint position: (371792500, 89725000)
DEBUG: board_modifier.py:132: Getting SW55 footprint position: (390525000, 85725000)
DEBUG: board_modifier.py:119: Setting D54 footprint position: (395605000, 89725000)
DEBUG: board_modifier.py:132: Getting SW56 footprint position: (409575000, 85725000)
DEBUG: board_modifier.py:119: Setting D55 footprint position: (414655000, 89725000)
DEBUG: board_modifier.py:132: Getting SW57 footprint position: (428625000, 85725000)
DEBUG: board_modifier.py:119: Setting D56 footprint position: (433705000, 89725000)
DEBUG: board_modifier.py:132: Getting SW58 footprint position: (447675000, 95250000)
DEBUG: board_modifier.py:119: Setting D57 footprint position: (452755000, 99250000)
DEBUG: board_modifier.py:132: Getting SW59 footprint position: (45243750, 104775000)
DEBUG: board_modifier.py:119: Setting D58 footprint position: (50323750, 108775000)
DEBUG: board_modifier.py:132: Getting SW60 footprint position: (71437500, 104775000)
DEBUG: board_modifier.py:119: Setting D59 footprint position: (76517500, 108775000)
DEBUG: board_modifier.py:132: Getting SW61 footprint position: (90487500, 104775000)
DEBUG: board_modifier.py:119: Setting D60 footprint position: (95567500, 108775000)
DEBUG: board_modifier.py:132: Getting SW62 footprint position: (109537500, 104775000)
DEBUG: board_modifier.py:119: Setting D61 footprint position: (114617500, 108775000)
DEBUG: board_modifier.py:132: Getting SW63 footprint position: (128587500, 104775000)
DEBUG: board_modifier.py:119: Setting D62 footprint position: (133667500, 108775000)
DEBUG: board_modifier.py:132: Getting SW64 footprint position: (147637500, 104775000)
DEBUG: board_modifier.py:119: Setting D63 footprint position: (152717500, 108775000)
DEBUG: board_modifier.py:132: Getting SW65 footprint position: (166687500, 104775000)
DEBUG: board_modifier.py:119: Setting D64 footprint position: (171767500, 108775000)
DEBUG: board_modifier.py:132: Getting SW66 footprint position: (185737500, 104775000)
DEBUG: board_modifier.py:119: Setting D65 footprint position: (190817500, 108775000)
DEBUG: board_modifier.py:132: Getting SW67 footprint position: (204787500, 104775000)
DEBUG: board_modifier.py:119: Setting D66 footprint position: (209867500, 108775000)
DEBUG: board_modifier.py:132: Getting SW68 footprint position: (223837500, 104775000)
DEBUG: board_modifier.py:119: Setting D67 footprint position: (228917500, 108775000)
DEBUG: board_modifier.py:132: Getting SW69 footprint position: (242887500, 104775000)
DEBUG: board_modifier.py:119: Setting D68 footprint position: (247967500, 108775000)
DEBUG: board_modifier.py:132: Getting SW70 footprint position: (261937500, 104775000)
DEBUG: board_modifier.py:119: Setting D69 footprint position: (267017500, 108775000)
DEBUG: board_modifier.py:132: Getting SW71 footprint position: (292893750, 104775000)
DEBUG: board_modifier.py:119: Setting D70 footprint position: (297973750, 108775000)
DEBUG: board_modifier.py:132: Getting SW72 footprint position: (390525000, 104775000)
DEBUG: board_modifier.py:119: Setting D71 footprint position: (395605000, 108775000)
DEBUG: board_modifier.py:132: Getting SW73 footprint position: (409575000, 104775000)
DEBUG: board_modifier.py:119: Setting D72 footprint position: (414655000, 108775000)
DEBUG: board_modifier.py:132: Getting SW74 footprint position: (428625000, 104775000)
DEBUG: board_modifier.py:119: Setting D73 footprint position: (433705000, 108775000)
DEBUG: board_modifier.py:132: Getting SW75 footprint position: (452437500, 104775000)
DEBUG: board_modifier.py:119: Setting D74 footprint position: (457517500, 108775000)
DEBUG: board_modifier.py:132: Getting SW76 footprint position: (50006250, 123825000)
DEBUG: board_modifier.py:119: Setting D75 footprint position: (55086250, 127825000)
DEBUG: board_modifier.py:132: Getting SW77 footprint position: (80962500, 123825000)
DEBUG: board_modifier.py:119: Setting D76 footprint position: (86042500, 127825000)
DEBUG: board_modifier.py:132: Getting SW78 footprint position: (100012500, 123825000)
DEBUG: board_modifier.py:119: Setting D77 footprint position: (105092500, 127825000)
DEBUG: board_modifier.py:132: Getting SW79 footprint position: (119062500, 123825000)
DEBUG: board_modifier.py:119: Setting D78 footprint position: (124142500, 127825000)
DEBUG: board_modifier.py:132: Getting SW80 footprint position: (138112500, 123825000)
DEBUG: board_modifier.py:119: Setting D79 footprint position: (143192500, 127825000)
DEBUG: board_modifier.py:132: Getting SW81 footprint position: (157162500, 123825000)
DEBUG: board_modifier.py:119: Setting D80 footprint position: (162242500, 127825000)
DEBUG: board_modifier.py:132: Getting SW82 footprint position: (176212500, 123825000)
DEBUG: board_modifier.py:119: Setting D81 footprint position: (181292500, 127825000)
DEBUG: board_modifier.py:132: Getting SW83 footprint position: (195262500, 123825000)
DEBUG: board_modifier.py:119: Setting D82 footprint position: (200342500, 127825000)
DEBUG: board_modifier.py:132: Getting SW84 footprint position: (214312500, 123825000)
DEBUG: board_modifier.py:119: Setting D83 footprint position: (219392500, 127825000)
DEBUG: board_modifier.py:132: Getting SW85 footprint position: (233362500, 123825000)
DEBUG: board_modifier.py:119: Setting D84 footprint position: (238442500, 127825000)
DEBUG: board_modifier.py:132: Getting SW86 footprint position: (252412500, 123825000)
DEBUG: board_modifier.py:119: Setting D85 footprint position: (257492500, 127825000)
DEBUG: board_modifier.py:132: Getting SW87 footprint position: (288131250, 123825000)
DEBUG: board_modifier.py:119: Setting D86 footprint position: (293211250, 127825000)
DEBUG: board_modifier.py:132: Getting SW88 footprint position: (347662500, 123825000)
DEBUG: board_modifier.py:119: Setting D87 footprint position: (352742500, 127825000)
DEBUG: board_modifier.py:132: Getting SW89 footprint position: (390525000, 123825000)
DEBUG: board_modifier.py:119: Setting D88 footprint position: (395605000, 127825000)
DEBUG: board_modifier.py:132: Getting SW90 footprint position: (409575000, 123825000)
DEBUG: board_modifier.py:119: Setting D89 footprint position: (414655000, 127825000)
DEBUG: board_modifier.py:132: Getting SW91 footprint position: (428625000, 123825000)
DEBUG: board_modifier.py:119: Setting D90 footprint position: (433705000, 127825000)
DEBUG: board_modifier.py:132: Getting SW92 footprint position: (447675000, 133350000)
DEBUG: board_modifier.py:119: Setting D91 footprint position: (452755000, 137350000)
DEBUG: board_modifier.py:132: Getting SW93 footprint position: (40481250, 142875000)
DEBUG: board_modifier.py:119: Setting D92 footprint position: (45561250, 146875000)
DEBUG: board_modifier.py:132: Getting SW94 footprint position: (64293750, 142875000)
DEBUG: board_modifier.py:119: Setting D93 footprint position: (69373750, 146875000)
DEBUG: board_modifier.py:132: Getting SW95 footprint position: (88106250, 142875000)
DEBUG: board_modifier.py:119: Setting D94 footprint position: (93186250, 146875000)
DEBUG: board_modifier.py:132: Getting SW96 footprint position: (159543750, 142875000)
DEBUG: board_modifier.py:119: Setting D95 footprint position: (164623750, 146875000)
DEBUG: board_modifier.py:132: Getting SW97 footprint position: (230981250, 142875000)
DEBUG: board_modifier.py:119: Setting D96 footprint position: (236061250, 146875000)
DEBUG: board_modifier.py:132: Getting SW98 footprint position: (254793750, 142875000)
DEBUG: board_modifier.py:119: Setting D97 footprint position: (259873750, 146875000)
DEBUG: board_modifier.py:132: Getting SW99 footprint position: (278606250, 142875000)
DEBUG: board_modifier.py:119: Setting D98 footprint position: (283686250, 146875000)
DEBUG: board_modifier.py:132: Getting SW100 footprint position: (302418750, 142875000)
DEBUG: board_modifier.py:119: Setting D99 footprint position: (307498750, 146875000)
DEBUG: board_modifier.py:132: Getting SW101 footprint position: (328612500, 142875000)
DEBUG: board_modifier.py:119: Setting D100 footprint position: (333692500, 146875000)
DEBUG: board_modifier.py:132: Getting SW102 footprint position: (347662500, 142875000)
DEBUG: board_modifier.py:119: Setting D101 footprint position: (352742500, 146875000)
DEBUG: board_modifier.py:132: Getting SW103 footprint position: (366712500, 142875000)
DEBUG: board_modifier.py:119: Setting D102 footprint position: (371792500, 146875000)
DEBUG: board_modifier.py:132: Getting SW104 footprint position: (400050000, 142875000)
DEBUG: board_modifier.py:119: Setting D103 footprint position: (405130000, 146875000)
DEBUG: board_modifier.py:132: Getting SW105 footprint position: (428625000, 142875000)
DEBUG: board_modifier.py:119: Setting D104 footprint position: (433705000, 146875000)
DEBUG: key_placer.py:895: Optimizing orientation of SW1 diodes
DEBUG: key_placer.py:895: Optimizing orientation of SW2 diodes
DEBUG: board_modifier.py:132: Getting D1 footprint position: (81280000, 42100000)
DEBUG: key_placer.py:895: Optimizing orientation of SW3 diodes
DEBUG: board_modifier.py:132: Getting D2 footprint position: (100330000, 42100000)
DEBUG: key_placer.py:895: Optimizing orientation of SW4 diodes
DEBUG: board_modifier.py:132: Getting D3 footprint position: (119380000, 42100000)
DEBUG: key_placer.py:895: Optimizing orientation of SW5 diodes
DEBUG: board_modifier.py:132: Getting D4 footprint position: (138430000, 42100000)
DEBUG: key_placer.py:895: Optimizing orientation of SW6 diodes
DEBUG: board_modifier.py:132: Getting D5 footprint position: (167005000, 42100000)
DEBUG: key_placer.py:895: Optimizing orientation of SW7 diodes
DEBUG: board_modifier.py:132: Getting D6 footprint position: (186055000, 42100000)
DEBUG: key_placer.py:895: Optimizing orientation of SW8 diodes
DEBUG: board_modifier.py:132: Getting D7 footprint position: (205105000, 42100000)
DEBUG: key_placer.py:895: Optimizing orientation of SW9 diodes
DEBUG: board_modifier.py:132: Getting D8 footprint position: (224155000, 42100000)
DEBUG: key_placer.py:895: Optimizing orientation of SW10 diodes
DEBUG: board_modifier.py:132: Getting D9 footprint position: (252730000, 42100000)
DEBUG: key_placer.py:895: Optimizing orientation of SW11 diodes
DEBUG: board_modifier.py:132: Getting D10 footprint position: (271780000, 42100000)
DEBUG: key_placer.py:895: Optimizing orientation of SW12 diodes
DEBUG: board_modifier.py:132: Getting D11 footprint position: (290830000, 42100000)
DEBUG: key_placer.py:895: Optimizing orientation of SW13 diodes
DEBUG: board_modifier.py:132: Getting D12 footprint position: (309880000, 42100000)
DEBUG: key_placer.py:895: Optimizing orientation of SW14 diodes
DEBUG: board_modifier.py:132: Getting D13 footprint position: (333692500, 42100000)
DEBUG: key_placer.py:895: Optimizing orientation of SW15 diodes
DEBUG: board_modifier.py:132: Getting D14 footprint position: (352742500, 42100000)
DEBUG: key_placer.py:895: Optimizing orientation of SW16 diodes
DEBUG: board_modifier.py:132: Getting D15 footprint position: (371792500, 42100000)
DEBUG: key_placer.py:895: Optimizing orientation of SW17 diodes
DEBUG: board_modifier.py:132: Getting D16 footprint position: (43180000, 70675000)
DEBUG: key_placer.py:895: Optimizing orientation of SW18 diodes
DEBUG: board_modifier.py:132: Getting D17 footprint position: (62230000, 70675000)
DEBUG: key_placer.py:895: Optimizing orientation of SW19 diodes
DEBUG: board_modifier.py:132: Getting D18 footprint position: (81280000, 70675000)
DEBUG: key_placer.py:895: Optimizing orientation of SW20 diodes
DEBUG: board_modifier.py:132: Getting D19 footprint position: (100330000, 70675000)
DEBUG: key_placer.py:895: Optimizing orientation of SW21 diodes
DEBUG: board_modifier.py:132: Getting D20 footprint position: (119380000, 70675000)
DEBUG: key_placer.py:895: Optimizing orientation of SW22 diodes
DEBUG: board_modifier.py:132: Getting D21 footprint position: (138430000, 70675000)
DEBUG: key_placer.py:895: Optimizing orientation of SW23 diodes
DEBUG: board_modifier.py:132: Getting D22 footprint position: (157480000, 70675000)
DEBUG: key_placer.py:895: Optimizing orientation of SW24 diodes
DEBUG: board_modifier.py:132: Getting D23 footprint position: (176530000, 70675000)
DEBUG: key_placer.py:895: Optimizing orientation of SW25 diodes
DEBUG: board_modifier.py:132: Getting D24 footprint position: (195580000, 70675000)
DEBUG: key_placer.py:895: Optimizing orientation of SW26 diodes
DEBUG: board_modifier.py:132: Getting D25 footprint position: (214630000, 70675000)
DEBUG: key_placer.py:895: Optimizing orientation of SW27 diodes
DEBUG: board_modifier.py:132: Getting D26 footprint position: (233680000, 70675000)
DEBUG: key_placer.py:895: Optimizing orientation of SW28 diodes
DEBUG: board_modifier.py:132: Getting D27 footprint position: (252730000, 70675000)
DEBUG: key_placer.py:895: Optimizing orientation of SW29 diodes
DEBUG: board_modifier.py:132: Getting D28 footprint position: (271780000, 70675000)
DEBUG: key_placer.py:895: Optimizing orientation of SW30 diodes
DEBUG: board_modifier.py:132: Getting D29 footprint position: (300355000, 70675000)
DEBUG: key_placer.py:895: Optimizing orientation of SW31 diodes
DEBUG: board_modifier.py:132: Getting D30 footprint position: (333692500, 70675000)
DEBUG: key_placer.py:895: Optimizing orientation of SW32 diodes
DEBUG: board_modifier.py:132: Getting D31 footprint position: (352742500, 70675000)
DEBUG: key_placer.py:895: Optimizing orientation of SW33 diodes
DEBUG: board_modifier.py:132: Getting D32 footprint position: (371792500, 70675000)
DEBUG: key_placer.py:895: Optimizing orientation of SW34 diodes
DEBUG: board_modifier.py:132: Getting D33 footprint position: (395605000, 70675000)
DEBUG: key_placer.py:895: Optimizing orientation of SW35 diodes
DEBUG: board_modifier.py:132: Getting D34 footprint position: (414655000, 70675000)
DEBUG: key_placer.py:895: Optimizing orientation of SW36 diodes
DEBUG: board_modifier.py:132: Getting D35 footprint position: (433705000, 70675000)
DEBUG: key_placer.py:895: Optimizing orientation of SW37 diodes
DEBUG: board_modifier.py:132: Getting D36 footprint position: (452755000, 70675000)
DEBUG: key_placer.py:895: Optimizing orientation of SW38 diodes
DEBUG: board_modifier.py:132: Getting D37 footprint position: (47942500, 89725000)
DEBUG: key_placer.py:895: Optimizing orientation of SW39 diodes
DEBUG: board_modifier.py:132: Getting D38 footprint position: (71755000, 89725000)
DEBUG: key_placer.py:895: Optimizing orientation of SW40 diodes
DEBUG: board_modifier.py:132: Getting D39 footprint position: (90805000, 89725000)
DEBUG: key_placer.py:895: Optimizing orientation of SW41 diodes
DEBUG: board_modifier.py:132: Getting D40 footprint position: (109855000, 89725000)
DEBUG: key_placer.py:895: Optimizing orientation of SW42 diodes
DEBUG: board_modifier.py:132: Getting D41 footprint position: (128905000, 89725000)
DEBUG: key_placer.py:895: Optimizing orientation of SW43 diodes
DEBUG: board_modifier.py:132: Getting D42 footprint position: (147955000, 89725000)
DEBUG: key_placer.py:895: Optimizing orientation of SW44 diodes
DEBUG: board_modifier.py:132: Getting D43 footprint position: (167005000, 89725000)
DEBUG: key_placer.py:895: Optimizing orientation of SW45 diodes
DEBUG: board_modifier.py:132: Getting D44 footprint position: (186055000, 89725000)
DEBUG: key_placer.py:895: Optimizing orientation of SW46 diodes
DEBUG: board_modifier.py:132: Getting D45 footprint position: (205105000, 89725000)
DEBUG: key_placer.py:895: Optimizing orientation of SW47 diodes
DEBUG: board_modifier.py:132: Getting D46 footprint position: (224155000, 89725000)
DEBUG: key_placer.py:895: Optimizing orientation of SW48 diodes
DEBUG: board_modifier.py:132: Getting D47 footprint position: (243205000, 89725000)
DEBUG: key_placer.py:895: Optimizing orientation of SW49 diodes
DEBUG: board_modifier.py:132: Getting D48 footprint position: (262255000, 89725000)
DEBUG: key_placer.py:895: Optimizing orientation of SW50 diodes
DEBUG: board_modifier.py:132: Getting D49 footprint position: (281305000, 89725000)
DEBUG: key_placer.py:895: Optimizing orientation of SW51 diodes
DEBUG: board_modifier.py:132: Getting D50 footprint position: (305117500, 89725000)
DEBUG: key_placer.py:895: Optimizing orientation of SW52 diodes
DEBUG: board_modifier.py:132: Getting D51 footprint position: (333692500, 89725000)
DEBUG: key_placer.py:895: Optimizing orientation of SW53 diodes
DEBUG: board_modifier.py:132: Getting D52 footprint position: (352742500, 89725000)
DEBUG: key_placer.py:895: Optimizing orientation of SW54 diodes
DEBUG: board_modifier.py:132: Getting D53 footprint position: (371792500, 89725000)
DEBUG: key_placer.py:895: Optimizing orientation of SW55 diodes
DEBUG: board_modifier.py:132: Getting D54 footprint position: (395605000, 89725000)
DEBUG: key_placer.py:895: Optimizing orientation of SW56 diodes
DEBUG: board_modifier.py:132: Getting D55 footprint position: (414655000, 89725000)
DEBUG: key_placer.py:895: Optimizing orientation of SW57 diodes
DEBUG: board_modifier.py:132: Getting D56 footprint position: (433705000, 89725000)
DEBUG: key_placer.py:895: Optimizing orientation of SW58 diodes
DEBUG: board_modifier.py:132: Getting D57 footprint position: (452755000, 99250000)
DEBUG: key_placer.py:895: Optimizing orientation of SW59 diodes
DEBUG: board_modifier.py:132: Getting D58 footprint position: (50323750, 108775000)
DEBUG: key_placer.py:895: Optimizing orientation of SW60 diodes
DEBUG: board_modifier.py:132: Getting D59 footprint position: (76517500, 108775000)
DEBUG: key_placer.py:895: Optimizing orientation of SW61 diodes
DEBUG: board_modifier.py:132: Getting D60 footprint position: (95567500, 108775000)
DEBUG: key_placer.py:895: Optimizing orientation of SW62 diodes
DEBUG: board_modifier.py:132: Getting D61 footprint position: (114617500, 108775000)
DEBUG: key_placer.py:895: Optimizing orientation of SW63 diodes
DEBUG: board_modifier.py:132: Getting D62 footprint position: (133667500, 108775000)
DEBUG: key_placer.py:895: Optimizing orientation of SW64 diodes
DEBUG: board_modifier.py:132: Getting D63 footprint position: (152717500, 108775000)
DEBUG: key_placer.py:895: Optimizing orientation of SW65 diodes
DEBUG: board_modifier.py:132: Getting D64 footprint position: (171767500, 108775000)
DEBUG: key_placer.py:895: Optimizing orientation of SW66 diodes
DEBUG: board_modifier.py:132: Getting D65 footprint position: (190817500, 108775000)
DEBUG: key_placer.py:895: Optimizing orientation of SW67 diodes
DEBUG: board_modifier.py:132: Getting D66 footprint position: (209867500, 108775000)
DEBUG: key_placer.py:895: Optimizing orientation of SW68 diodes
DEBUG: board_modifier.py:132: Getting D67 footprint position: (228917500, 108775000)
DEBUG: key_placer.py:895: Optimizing orientation of SW69 diodes
DEBUG: board_modifier.py:132: Getting D68 footprint position: (247967500, 108775000)
DEBUG: key_placer.py:895: Optimizing orientation of SW70 diodes
DEBUG: board_modifier.py:132: Getting D69 footprint position: (267017500, 108775000)
DEBUG: key_placer.py:895: Optimizing orientation of SW71 diodes
DEBUG: board_modifier.py:132: Getting D70 footprint position: (297973750, 108775000)
DEBUG: key_placer.py:895: Optimizing orientation of SW72 diodes
DEBUG: board_modifier.py:132: Getting D71 footprint position: (395605000, 108775000)
DEBUG: key_placer.py:895: Optimizing orientation of SW73 diodes
DEBUG: board_modifier.py:132: Getting D72 footprint position: (414655000, 108775000)
DEBUG: key_placer.py:895: Optimizing orientation of SW74 diodes
DEBUG: board_modifier.py:132: Getting D73 footprint position: (433705000, 108775000)
DEBUG: key_placer.py:895: Optimizing orientation of SW75 diodes
DEBUG: board_modifier.py:132: Getting D74 footprint position: (457517500, 108775000)
DEBUG: key_placer.py:895: Optimizing orientation of SW76 diodes
DEBUG: board_modifier.py:132: Getting D75 footprint position: (55086250, 127825000)
DEBUG: key_placer.py:895: Optimizing orientation of SW77 diodes
DEBUG: board_modifier.py:132: Getting D76 footprint position: (86042500, 127825000)
DEBUG: key_placer.py:895: Optimizing orientation of SW78 diodes
DEBUG: board_modifier.py:132: Getting D77 footprint position: (105092500, 127825000)
DEBUG: key_placer.py:895: Optimizing orientation of SW79 diodes
DEBUG: board_modifier.py:132: Getting D78 footprint position: (124142500, 127825000)
DEBUG: key_placer.py:895: Optimizing orientation of SW80 diodes
DEBUG: board_modifier.py:132: Getting D79 footprint position: (143192500, 127825000)
DEBUG: key_placer.py:895: Optimizing orientation of SW81 diodes
DEBUG: board_modifier.py:132: Getting D80 footprint position: (162242500, 127825000)
DEBUG: key_placer.py:895: Optimizing orientation of SW82 diodes
DEBUG: board_modifier.py:132: Getting D81 footprint position: (181292500, 127825000)
DEBUG: key_placer.py:895: Optimizing orientation of SW83 diodes
DEBUG: board_modifier.py:132: Getting D82 footprint position: (200342500, 127825000)
DEBUG: key_placer.py:895: Optimizing orientation of SW84 diodes
DEBUG: board_modifier.py:132: Getting D83 footprint position: (219392500, 127825000)
DEBUG: key_placer.py:895: Optimizing orientation of SW85 diodes
DEBUG: board_modifier.py:132: Getting D84 footprint position: (238442500, 127825000)
DEBUG: key_placer.py:895: Optimizing orientation of SW86 diodes
DEBUG: board_modifier.py:132: Getting D85 footprint position: (257492500, 127825000)
DEBUG: key_placer.py:895: Optimizing orientation of SW87 diodes
DEBUG: board_modifier.py:132: Getting D86 footprint position: (293211250, 127825000)
DEBUG: key_placer.py:895: Optimizing orientation of SW88 diodes
DEBUG: board_modifier.py:132: Getting D87 footprint position: (352742500, 127825000)
DEBUG: key_placer.py:895: Optimizing orientation of SW89 diodes
DEBUG: board_modifier.py:132: Getting D88 footprint position: (395605000, 127825000)
DEBUG: key_placer.py:895: Optimizing orientation of SW90 diodes
DEBUG: board_modifier.py:132: Getting D89 footprint position: (414655000, 127825000)
DEBUG: key_placer.py:895: Optimizing orientation of SW91 diodes
DEBUG: board_modifier.py:132: Getting D90 footprint position: (433705000, 127825000)
DEBUG: key_placer.py:895: Optimizing orientation of SW92 diodes
DEBUG: board_modifier.py:132: Getting D91 footprint position: (452755000, 137350000)
DEBUG: key_placer.py:895: Optimizing orientation of SW93 diodes
DEBUG: board_modifier.py:132: Getting D92 footprint position: (45561250, 146875000)
DEBUG: key_placer.py:895: Optimizing orientation of SW94 diodes
DEBUG: board_modifier.py:132: Getting D93 footprint position: (69373750, 146875000)
DEBUG: key_placer.py:895: Optimizing orientation of SW95 diodes
DEBUG: board_modifier.py:132: Getting D94 footprint position: (93186250, 146875000)
DEBUG: key_placer.py:895: Optimizing orientation of SW96 diodes
DEBUG: board_modifier.py:132: Getting D95 footprint position: (164623750, 146875000)
DEBUG: key_placer.py:895: Optimizing orientation of SW97 diodes
DEBUG: board_modifier.py:132: Getting D96 footprint position: (236061250, 146875000)
DEBUG: key_placer.py:895: Optimizing orientation of SW98 diodes
DEBUG: board_modifier.py:132: Getting D97 footprint position: (259873750, 146875000)
DEBUG: key_placer.py:895: Optimizing orientation of SW99 diodes
DEBUG: board_modifier.py:132: Getting D98 footprint position: (283686250, 146875000)
DEBUG: key_placer.py:895: Optimizing orientation of SW100 diodes
DEBUG: board_modifier.py:132: Getting D99 footprint position: (307498750, 146875000)
DEBUG: key_placer.py:895: Optimizing orientation of SW101 diodes
DEBUG: board_modifier.py:132: Getting D100 footprint position: (333692500, 146875000)
DEBUG: key_placer.py:895: Optimizing orientation of SW102 diodes
DEBUG: board_modifier.py:132: Getting D101 footprint position: (352742500, 146875000)
DEBUG: key_placer.py:895: Optimizing orientation of SW103 diodes
DEBUG: board_modifier.py:132: Getting D102 footprint position: (371792500, 146875000)
DEBUG: key_placer.py:895: Optimizing orientation of SW104 diodes
DEBUG: board_modifier.py:132: Getting D103 footprint position: (405130000, 146875000)
DEBUG: key_placer.py:895: Optimizing orientation of SW105 diodes
DEBUG: board_modifier.py:132: Getting D104 footprint position: (433705000, 146875000)
DEBUG: key_placer.py:934: Placing additional elements for SW105
DEBUG: board_modifier.py:132: Getting SW105 footprint position: (428625000, 142875000)
DEBUG: board_modifier.py:84: Searching for optional ST105 footprint in C:\Users\Dogma\OneDrive\Documents\GitHub\keeboard\Keep-KiCad\keeboard\keeboard.kicad_pcb
DEBUG: board_modifier.py:89: Footprint not found
DEBUG: key_placer.py:934: Placing additional elements for SW104
DEBUG: board_modifier.py:132: Getting SW104 footprint position: (400050000, 142875000)
DEBUG: board_modifier.py:84: Searching for optional ST104 footprint in C:\Users\Dogma\OneDrive\Documents\GitHub\keeboard\Keep-KiCad\keeboard\keeboard.kicad_pcb
DEBUG: board_modifier.py:89: Footprint not found
DEBUG: key_placer.py:934: Placing additional elements for SW103
DEBUG: board_modifier.py:132: Getting SW103 footprint position: (366712500, 142875000)
DEBUG: board_modifier.py:84: Searching for optional ST103 footprint in C:\Users\Dogma\OneDrive\Documents\GitHub\keeboard\Keep-KiCad\keeboard\keeboard.kicad_pcb
DEBUG: board_modifier.py:89: Footprint not found
DEBUG: key_placer.py:934: Placing additional elements for SW102
DEBUG: board_modifier.py:132: Getting SW102 footprint position: (347662500, 142875000)
DEBUG: board_modifier.py:84: Searching for optional ST102 footprint in C:\Users\Dogma\OneDrive\Documents\GitHub\keeboard\Keep-KiCad\keeboard\keeboard.kicad_pcb
DEBUG: board_modifier.py:89: Footprint not found
DEBUG: key_placer.py:934: Placing additional elements for SW101
DEBUG: board_modifier.py:132: Getting SW101 footprint position: (328612500, 142875000)
DEBUG: board_modifier.py:84: Searching for optional ST101 footprint in C:\Users\Dogma\OneDrive\Documents\GitHub\keeboard\Keep-KiCad\keeboard\keeboard.kicad_pcb
DEBUG: board_modifier.py:89: Footprint not found
DEBUG: key_placer.py:934: Placing additional elements for SW100
DEBUG: board_modifier.py:132: Getting SW100 footprint position: (302418750, 142875000)
DEBUG: board_modifier.py:84: Searching for optional ST100 footprint in C:\Users\Dogma\OneDrive\Documents\GitHub\keeboard\Keep-KiCad\keeboard\keeboard.kicad_pcb
DEBUG: board_modifier.py:89: Footprint not found
DEBUG: key_placer.py:934: Placing additional elements for SW99
DEBUG: board_modifier.py:132: Getting SW99 footprint position: (278606250, 142875000)
DEBUG: board_modifier.py:84: Searching for optional ST99 footprint in C:\Users\Dogma\OneDrive\Documents\GitHub\keeboard\Keep-KiCad\keeboard\keeboard.kicad_pcb
DEBUG: board_modifier.py:89: Footprint not found
DEBUG: key_placer.py:934: Placing additional elements for SW98
DEBUG: board_modifier.py:132: Getting SW98 footprint position: (254793750, 142875000)
DEBUG: board_modifier.py:84: Searching for optional ST98 footprint in C:\Users\Dogma\OneDrive\Documents\GitHub\keeboard\Keep-KiCad\keeboard\keeboard.kicad_pcb
DEBUG: board_modifier.py:89: Footprint not found
DEBUG: key_placer.py:934: Placing additional elements for SW97
DEBUG: board_modifier.py:132: Getting SW97 footprint position: (230981250, 142875000)
DEBUG: board_modifier.py:84: Searching for optional ST97 footprint in C:\Users\Dogma\OneDrive\Documents\GitHub\keeboard\Keep-KiCad\keeboard\keeboard.kicad_pcb
DEBUG: board_modifier.py:89: Footprint not found
DEBUG: key_placer.py:934: Placing additional elements for SW96
DEBUG: board_modifier.py:132: Getting SW96 footprint position: (159543750, 142875000)
DEBUG: board_modifier.py:84: Searching for optional ST96 footprint in C:\Users\Dogma\OneDrive\Documents\GitHub\keeboard\Keep-KiCad\keeboard\keeboard.kicad_pcb
DEBUG: board_modifier.py:89: Footprint not found
DEBUG: key_placer.py:934: Placing additional elements for SW95
DEBUG: board_modifier.py:132: Getting SW95 footprint position: (88106250, 142875000)
DEBUG: board_modifier.py:84: Searching for optional ST95 footprint in C:\Users\Dogma\OneDrive\Documents\GitHub\keeboard\Keep-KiCad\keeboard\keeboard.kicad_pcb
DEBUG: board_modifier.py:89: Footprint not found
DEBUG: key_placer.py:934: Placing additional elements for SW94
DEBUG: board_modifier.py:132: Getting SW94 footprint position: (64293750, 142875000)
DEBUG: board_modifier.py:84: Searching for optional ST94 footprint in C:\Users\Dogma\OneDrive\Documents\GitHub\keeboard\Keep-KiCad\keeboard\keeboard.kicad_pcb
DEBUG: board_modifier.py:89: Footprint not found
DEBUG: key_placer.py:934: Placing additional elements for SW93
DEBUG: board_modifier.py:132: Getting SW93 footprint position: (40481250, 142875000)
DEBUG: board_modifier.py:84: Searching for optional ST93 footprint in C:\Users\Dogma\OneDrive\Documents\GitHub\keeboard\Keep-KiCad\keeboard\keeboard.kicad_pcb
DEBUG: board_modifier.py:89: Footprint not found
DEBUG: key_placer.py:934: Placing additional elements for SW92
DEBUG: board_modifier.py:132: Getting SW92 footprint position: (447675000, 133350000)
DEBUG: board_modifier.py:84: Searching for optional ST92 footprint in C:\Users\Dogma\OneDrive\Documents\GitHub\keeboard\Keep-KiCad\keeboard\keeboard.kicad_pcb
DEBUG: board_modifier.py:89: Footprint not found
DEBUG: key_placer.py:934: Placing additional elements for SW91
DEBUG: board_modifier.py:132: Getting SW91 footprint position: (428625000, 123825000)
DEBUG: board_modifier.py:84: Searching for optional ST91 footprint in C:\Users\Dogma\OneDrive\Documents\GitHub\keeboard\Keep-KiCad\keeboard\keeboard.kicad_pcb
DEBUG: board_modifier.py:89: Footprint not found
DEBUG: key_placer.py:934: Placing additional elements for SW90
DEBUG: board_modifier.py:132: Getting SW90 footprint position: (409575000, 123825000)
DEBUG: board_modifier.py:84: Searching for optional ST90 footprint in C:\Users\Dogma\OneDrive\Documents\GitHub\keeboard\Keep-KiCad\keeboard\keeboard.kicad_pcb
DEBUG: board_modifier.py:89: Footprint not found
DEBUG: key_placer.py:934: Placing additional elements for SW89
DEBUG: board_modifier.py:132: Getting SW89 footprint position: (390525000, 123825000)
DEBUG: board_modifier.py:84: Searching for optional ST89 footprint in C:\Users\Dogma\OneDrive\Documents\GitHub\keeboard\Keep-KiCad\keeboard\keeboard.kicad_pcb
DEBUG: board_modifier.py:89: Footprint not found
DEBUG: key_placer.py:934: Placing additional elements for SW88
DEBUG: board_modifier.py:132: Getting SW88 footprint position: (347662500, 123825000)
DEBUG: board_modifier.py:84: Searching for optional ST88 footprint in C:\Users\Dogma\OneDrive\Documents\GitHub\keeboard\Keep-KiCad\keeboard\keeboard.kicad_pcb
DEBUG: board_modifier.py:89: Footprint not found
DEBUG: key_placer.py:934: Placing additional elements for SW87
DEBUG: board_modifier.py:132: Getting SW87 footprint position: (288131250, 123825000)
DEBUG: board_modifier.py:84: Searching for optional ST87 footprint in C:\Users\Dogma\OneDrive\Documents\GitHub\keeboard\Keep-KiCad\keeboard\keeboard.kicad_pcb
DEBUG: board_modifier.py:89: Footprint not found
DEBUG: key_placer.py:934: Placing additional elements for SW86
DEBUG: board_modifier.py:132: Getting SW86 footprint position: (252412500, 123825000)
DEBUG: board_modifier.py:84: Searching for optional ST86 footprint in C:\Users\Dogma\OneDrive\Documents\GitHub\keeboard\Keep-KiCad\keeboard\keeboard.kicad_pcb
DEBUG: board_modifier.py:89: Footprint not found
DEBUG: key_placer.py:934: Placing additional elements for SW85
DEBUG: board_modifier.py:132: Getting SW85 footprint position: (233362500, 123825000)
DEBUG: board_modifier.py:84: Searching for optional ST85 footprint in C:\Users\Dogma\OneDrive\Documents\GitHub\keeboard\Keep-KiCad\keeboard\keeboard.kicad_pcb
DEBUG: board_modifier.py:89: Footprint not found
DEBUG: key_placer.py:934: Placing additional elements for SW84
DEBUG: board_modifier.py:132: Getting SW84 footprint position: (214312500, 123825000)
DEBUG: board_modifier.py:84: Searching for optional ST84 footprint in C:\Users\Dogma\OneDrive\Documents\GitHub\keeboard\Keep-KiCad\keeboard\keeboard.kicad_pcb
DEBUG: board_modifier.py:89: Footprint not found
DEBUG: key_placer.py:934: Placing additional elements for SW83
DEBUG: board_modifier.py:132: Getting SW83 footprint position: (195262500, 123825000)
DEBUG: board_modifier.py:84: Searching for optional ST83 footprint in C:\Users\Dogma\OneDrive\Documents\GitHub\keeboard\Keep-KiCad\keeboard\keeboard.kicad_pcb
DEBUG: board_modifier.py:89: Footprint not found
DEBUG: key_placer.py:934: Placing additional elements for SW82
DEBUG: board_modifier.py:132: Getting SW82 footprint position: (176212500, 123825000)
DEBUG: board_modifier.py:84: Searching for optional ST82 footprint in C:\Users\Dogma\OneDrive\Documents\GitHub\keeboard\Keep-KiCad\keeboard\keeboard.kicad_pcb
DEBUG: board_modifier.py:89: Footprint not found
DEBUG: key_placer.py:934: Placing additional elements for SW81
DEBUG: board_modifier.py:132: Getting SW81 footprint position: (157162500, 123825000)
DEBUG: board_modifier.py:84: Searching for optional ST81 footprint in C:\Users\Dogma\OneDrive\Documents\GitHub\keeboard\Keep-KiCad\keeboard\keeboard.kicad_pcb
DEBUG: board_modifier.py:89: Footprint not found
DEBUG: key_placer.py:934: Placing additional elements for SW80
DEBUG: board_modifier.py:132: Getting SW80 footprint position: (138112500, 123825000)
DEBUG: board_modifier.py:84: Searching for optional ST80 footprint in C:\Users\Dogma\OneDrive\Documents\GitHub\keeboard\Keep-KiCad\keeboard\keeboard.kicad_pcb
DEBUG: board_modifier.py:89: Footprint not found
DEBUG: key_placer.py:934: Placing additional elements for SW79
DEBUG: board_modifier.py:132: Getting SW79 footprint position: (119062500, 123825000)
DEBUG: board_modifier.py:84: Searching for optional ST79 footprint in C:\Users\Dogma\OneDrive\Documents\GitHub\keeboard\Keep-KiCad\keeboard\keeboard.kicad_pcb
DEBUG: board_modifier.py:89: Footprint not found
DEBUG: key_placer.py:934: Placing additional elements for SW78
DEBUG: board_modifier.py:132: Getting SW78 footprint position: (100012500, 123825000)
DEBUG: board_modifier.py:84: Searching for optional ST78 footprint in C:\Users\Dogma\OneDrive\Documents\GitHub\keeboard\Keep-KiCad\keeboard\keeboard.kicad_pcb
DEBUG: board_modifier.py:89: Footprint not found
DEBUG: key_placer.py:934: Placing additional elements for SW77
DEBUG: board_modifier.py:132: Getting SW77 footprint position: (80962500, 123825000)
DEBUG: board_modifier.py:84: Searching for optional ST77 footprint in C:\Users\Dogma\OneDrive\Documents\GitHub\keeboard\Keep-KiCad\keeboard\keeboard.kicad_pcb
DEBUG: board_modifier.py:89: Footprint not found
DEBUG: key_placer.py:934: Placing additional elements for SW76
DEBUG: board_modifier.py:132: Getting SW76 footprint position: (50006250, 123825000)
DEBUG: board_modifier.py:84: Searching for optional ST76 footprint in C:\Users\Dogma\OneDrive\Documents\GitHub\keeboard\Keep-KiCad\keeboard\keeboard.kicad_pcb
DEBUG: board_modifier.py:89: Footprint not found
DEBUG: key_placer.py:934: Placing additional elements for SW75
DEBUG: board_modifier.py:132: Getting SW75 footprint position: (452437500, 104775000)
DEBUG: board_modifier.py:84: Searching for optional ST75 footprint in C:\Users\Dogma\OneDrive\Documents\GitHub\keeboard\Keep-KiCad\keeboard\keeboard.kicad_pcb
DEBUG: board_modifier.py:89: Footprint not found
DEBUG: key_placer.py:934: Placing additional elements for SW74
DEBUG: board_modifier.py:132: Getting SW74 footprint position: (428625000, 104775000)
DEBUG: board_modifier.py:84: Searching for optional ST74 footprint in C:\Users\Dogma\OneDrive\Documents\GitHub\keeboard\Keep-KiCad\keeboard\keeboard.kicad_pcb
DEBUG: board_modifier.py:89: Footprint not found
DEBUG: key_placer.py:934: Placing additional elements for SW73
DEBUG: board_modifier.py:132: Getting SW73 footprint position: (409575000, 104775000)
DEBUG: board_modifier.py:84: Searching for optional ST73 footprint in C:\Users\Dogma\OneDrive\Documents\GitHub\keeboard\Keep-KiCad\keeboard\keeboard.kicad_pcb
DEBUG: board_modifier.py:89: Footprint not found
DEBUG: key_placer.py:934: Placing additional elements for SW72
DEBUG: board_modifier.py:132: Getting SW72 footprint position: (390525000, 104775000)
DEBUG: board_modifier.py:84: Searching for optional ST72 footprint in C:\Users\Dogma\OneDrive\Documents\GitHub\keeboard\Keep-KiCad\keeboard\keeboard.kicad_pcb
DEBUG: board_modifier.py:89: Footprint not found
DEBUG: key_placer.py:934: Placing additional elements for SW71
DEBUG: board_modifier.py:132: Getting SW71 footprint position: (292893750, 104775000)
DEBUG: board_modifier.py:84: Searching for optional ST71 footprint in C:\Users\Dogma\OneDrive\Documents\GitHub\keeboard\Keep-KiCad\keeboard\keeboard.kicad_pcb
DEBUG: board_modifier.py:89: Footprint not found
DEBUG: key_placer.py:934: Placing additional elements for SW70
DEBUG: board_modifier.py:132: Getting SW70 footprint position: (261937500, 104775000)
DEBUG: board_modifier.py:84: Searching for optional ST70 footprint in C:\Users\Dogma\OneDrive\Documents\GitHub\keeboard\Keep-KiCad\keeboard\keeboard.kicad_pcb
DEBUG: board_modifier.py:89: Footprint not found
DEBUG: key_placer.py:934: Placing additional elements for SW69
DEBUG: board_modifier.py:132: Getting SW69 footprint position: (242887500, 104775000)
DEBUG: board_modifier.py:84: Searching for optional ST69 footprint in C:\Users\Dogma\OneDrive\Documents\GitHub\keeboard\Keep-KiCad\keeboard\keeboard.kicad_pcb
DEBUG: board_modifier.py:89: Footprint not found
DEBUG: key_placer.py:934: Placing additional elements for SW68
DEBUG: board_modifier.py:132: Getting SW68 footprint position: (223837500, 104775000)
DEBUG: board_modifier.py:84: Searching for optional ST68 footprint in C:\Users\Dogma\OneDrive\Documents\GitHub\keeboard\Keep-KiCad\keeboard\keeboard.kicad_pcb
DEBUG: board_modifier.py:89: Footprint not found
DEBUG: key_placer.py:934: Placing additional elements for SW67
DEBUG: board_modifier.py:132: Getting SW67 footprint position: (204787500, 104775000)
DEBUG: board_modifier.py:84: Searching for optional ST67 footprint in C:\Users\Dogma\OneDrive\Documents\GitHub\keeboard\Keep-KiCad\keeboard\keeboard.kicad_pcb
DEBUG: board_modifier.py:89: Footprint not found
DEBUG: key_placer.py:934: Placing additional elements for SW66
DEBUG: board_modifier.py:132: Getting SW66 footprint position: (185737500, 104775000)
DEBUG: board_modifier.py:84: Searching for optional ST66 footprint in C:\Users\Dogma\OneDrive\Documents\GitHub\keeboard\Keep-KiCad\keeboard\keeboard.kicad_pcb
DEBUG: board_modifier.py:89: Footprint not found
DEBUG: key_placer.py:934: Placing additional elements for SW65
DEBUG: board_modifier.py:132: Getting SW65 footprint position: (166687500, 104775000)
DEBUG: board_modifier.py:84: Searching for optional ST65 footprint in C:\Users\Dogma\OneDrive\Documents\GitHub\keeboard\Keep-KiCad\keeboard\keeboard.kicad_pcb
DEBUG: board_modifier.py:89: Footprint not found
DEBUG: key_placer.py:934: Placing additional elements for SW64
DEBUG: board_modifier.py:132: Getting SW64 footprint position: (147637500, 104775000)
DEBUG: board_modifier.py:84: Searching for optional ST64 footprint in C:\Users\Dogma\OneDrive\Documents\GitHub\keeboard\Keep-KiCad\keeboard\keeboard.kicad_pcb
DEBUG: board_modifier.py:89: Footprint not found
DEBUG: key_placer.py:934: Placing additional elements for SW63
DEBUG: board_modifier.py:132: Getting SW63 footprint position: (128587500, 104775000)
DEBUG: board_modifier.py:84: Searching for optional ST63 footprint in C:\Users\Dogma\OneDrive\Documents\GitHub\keeboard\Keep-KiCad\keeboard\keeboard.kicad_pcb
DEBUG: board_modifier.py:89: Footprint not found
DEBUG: key_placer.py:934: Placing additional elements for SW62
DEBUG: board_modifier.py:132: Getting SW62 footprint position: (109537500, 104775000)
DEBUG: board_modifier.py:84: Searching for optional ST62 footprint in C:\Users\Dogma\OneDrive\Documents\GitHub\keeboard\Keep-KiCad\keeboard\keeboard.kicad_pcb
DEBUG: board_modifier.py:89: Footprint not found
DEBUG: key_placer.py:934: Placing additional elements for SW61
DEBUG: board_modifier.py:132: Getting SW61 footprint position: (90487500, 104775000)
DEBUG: board_modifier.py:84: Searching for optional ST61 footprint in C:\Users\Dogma\OneDrive\Documents\GitHub\keeboard\Keep-KiCad\keeboard\keeboard.kicad_pcb
DEBUG: board_modifier.py:89: Footprint not found
DEBUG: key_placer.py:934: Placing additional elements for SW60
DEBUG: board_modifier.py:132: Getting SW60 footprint position: (71437500, 104775000)
DEBUG: board_modifier.py:84: Searching for optional ST60 footprint in C:\Users\Dogma\OneDrive\Documents\GitHub\keeboard\Keep-KiCad\keeboard\keeboard.kicad_pcb
DEBUG: board_modifier.py:89: Footprint not found
DEBUG: key_placer.py:934: Placing additional elements for SW59
DEBUG: board_modifier.py:132: Getting SW59 footprint position: (45243750, 104775000)
DEBUG: board_modifier.py:84: Searching for optional ST59 footprint in C:\Users\Dogma\OneDrive\Documents\GitHub\keeboard\Keep-KiCad\keeboard\keeboard.kicad_pcb
DEBUG: board_modifier.py:89: Footprint not found
DEBUG: key_placer.py:934: Placing additional elements for SW58
DEBUG: board_modifier.py:132: Getting SW58 footprint position: (447675000, 95250000)
DEBUG: board_modifier.py:84: Searching for optional ST58 footprint in C:\Users\Dogma\OneDrive\Documents\GitHub\keeboard\Keep-KiCad\keeboard\keeboard.kicad_pcb
DEBUG: board_modifier.py:89: Footprint not found
DEBUG: key_placer.py:934: Placing additional elements for SW57
DEBUG: board_modifier.py:132: Getting SW57 footprint position: (428625000, 85725000)
DEBUG: board_modifier.py:84: Searching for optional ST57 footprint in C:\Users\Dogma\OneDrive\Documents\GitHub\keeboard\Keep-KiCad\keeboard\keeboard.kicad_pcb
DEBUG: board_modifier.py:89: Footprint not found
DEBUG: key_placer.py:934: Placing additional elements for SW56
DEBUG: board_modifier.py:132: Getting SW56 footprint position: (409575000, 85725000)
DEBUG: board_modifier.py:84: Searching for optional ST56 footprint in C:\Users\Dogma\OneDrive\Documents\GitHub\keeboard\Keep-KiCad\keeboard\keeboard.kicad_pcb
DEBUG: board_modifier.py:89: Footprint not found
DEBUG: key_placer.py:934: Placing additional elements for SW55
DEBUG: board_modifier.py:132: Getting SW55 footprint position: (390525000, 85725000)
DEBUG: board_modifier.py:84: Searching for optional ST55 footprint in C:\Users\Dogma\OneDrive\Documents\GitHub\keeboard\Keep-KiCad\keeboard\keeboard.kicad_pcb
DEBUG: board_modifier.py:89: Footprint not found
DEBUG: key_placer.py:934: Placing additional elements for SW54
DEBUG: board_modifier.py:132: Getting SW54 footprint position: (366712500, 85725000)
DEBUG: board_modifier.py:84: Searching for optional ST54 footprint in C:\Users\Dogma\OneDrive\Documents\GitHub\keeboard\Keep-KiCad\keeboard\keeboard.kicad_pcb
DEBUG: board_modifier.py:89: Footprint not found
DEBUG: key_placer.py:934: Placing additional elements for SW53
DEBUG: board_modifier.py:132: Getting SW53 footprint position: (347662500, 85725000)
DEBUG: board_modifier.py:84: Searching for optional ST53 footprint in C:\Users\Dogma\OneDrive\Documents\GitHub\keeboard\Keep-KiCad\keeboard\keeboard.kicad_pcb
DEBUG: board_modifier.py:89: Footprint not found
DEBUG: key_placer.py:934: Placing additional elements for SW52
DEBUG: board_modifier.py:132: Getting SW52 footprint position: (328612500, 85725000)
DEBUG: board_modifier.py:84: Searching for optional ST52 footprint in C:\Users\Dogma\OneDrive\Documents\GitHub\keeboard\Keep-KiCad\keeboard\keeboard.kicad_pcb
DEBUG: board_modifier.py:89: Footprint not found
DEBUG: key_placer.py:934: Placing additional elements for SW51
DEBUG: board_modifier.py:132: Getting SW51 footprint position: (300037500, 85725000)
DEBUG: board_modifier.py:84: Searching for optional ST51 footprint in C:\Users\Dogma\OneDrive\Documents\GitHub\keeboard\Keep-KiCad\keeboard\keeboard.kicad_pcb
DEBUG: board_modifier.py:89: Footprint not found
DEBUG: key_placer.py:934: Placing additional elements for SW50
DEBUG: board_modifier.py:132: Getting SW50 footprint position: (276225000, 85725000)
DEBUG: board_modifier.py:84: Searching for optional ST50 footprint in C:\Users\Dogma\OneDrive\Documents\GitHub\keeboard\Keep-KiCad\keeboard\keeboard.kicad_pcb
DEBUG: board_modifier.py:89: Footprint not found
DEBUG: key_placer.py:934: Placing additional elements for SW49
DEBUG: board_modifier.py:132: Getting SW49 footprint position: (257175000, 85725000)
DEBUG: board_modifier.py:84: Searching for optional ST49 footprint in C:\Users\Dogma\OneDrive\Documents\GitHub\keeboard\Keep-KiCad\keeboard\keeboard.kicad_pcb
DEBUG: board_modifier.py:89: Footprint not found
DEBUG: key_placer.py:934: Placing additional elements for SW48
DEBUG: board_modifier.py:132: Getting SW48 footprint position: (238125000, 85725000)
DEBUG: board_modifier.py:84: Searching for optional ST48 footprint in C:\Users\Dogma\OneDrive\Documents\GitHub\keeboard\Keep-KiCad\keeboard\keeboard.kicad_pcb
DEBUG: board_modifier.py:89: Footprint not found
DEBUG: key_placer.py:934: Placing additional elements for SW47
DEBUG: board_modifier.py:132: Getting SW47 footprint position: (219075000, 85725000)
DEBUG: board_modifier.py:84: Searching for optional ST47 footprint in C:\Users\Dogma\OneDrive\Documents\GitHub\keeboard\Keep-KiCad\keeboard\keeboard.kicad_pcb
DEBUG: board_modifier.py:89: Footprint not found
DEBUG: key_placer.py:934: Placing additional elements for SW46
DEBUG: board_modifier.py:132: Getting SW46 footprint position: (200025000, 85725000)
DEBUG: board_modifier.py:84: Searching for optional ST46 footprint in C:\Users\Dogma\OneDrive\Documents\GitHub\keeboard\Keep-KiCad\keeboard\keeboard.kicad_pcb
DEBUG: board_modifier.py:89: Footprint not found
DEBUG: key_placer.py:934: Placing additional elements for SW45
DEBUG: board_modifier.py:132: Getting SW45 footprint position: (180975000, 85725000)
DEBUG: board_modifier.py:84: Searching for optional ST45 footprint in C:\Users\Dogma\OneDrive\Documents\GitHub\keeboard\Keep-KiCad\keeboard\keeboard.kicad_pcb
DEBUG: board_modifier.py:89: Footprint not found
DEBUG: key_placer.py:934: Placing additional elements for SW44
DEBUG: board_modifier.py:132: Getting SW44 footprint position: (161925000, 85725000)
DEBUG: board_modifier.py:84: Searching for optional ST44 footprint in C:\Users\Dogma\OneDrive\Documents\GitHub\keeboard\Keep-KiCad\keeboard\keeboard.kicad_pcb
DEBUG: board_modifier.py:89: Footprint not found
DEBUG: key_placer.py:934: Placing additional elements for SW43
DEBUG: board_modifier.py:132: Getting SW43 footprint position: (142875000, 85725000)
DEBUG: board_modifier.py:84: Searching for optional ST43 footprint in C:\Users\Dogma\OneDrive\Documents\GitHub\keeboard\Keep-KiCad\keeboard\keeboard.kicad_pcb
DEBUG: board_modifier.py:89: Footprint not found
DEBUG: key_placer.py:934: Placing additional elements for SW42
DEBUG: board_modifier.py:132: Getting SW42 footprint position: (123825000, 85725000)
DEBUG: board_modifier.py:84: Searching for optional ST42 footprint in C:\Users\Dogma\OneDrive\Documents\GitHub\keeboard\Keep-KiCad\keeboard\keeboard.kicad_pcb
DEBUG: board_modifier.py:89: Footprint not found
DEBUG: key_placer.py:934: Placing additional elements for SW41
DEBUG: board_modifier.py:132: Getting SW41 footprint position: (104775000, 85725000)
DEBUG: board_modifier.py:84: Searching for optional ST41 footprint in C:\Users\Dogma\OneDrive\Documents\GitHub\keeboard\Keep-KiCad\keeboard\keeboard.kicad_pcb
DEBUG: board_modifier.py:89: Footprint not found
DEBUG: key_placer.py:934: Placing additional elements for SW40
DEBUG: board_modifier.py:132: Getting SW40 footprint position: (85725000, 85725000)
DEBUG: board_modifier.py:84: Searching for optional ST40 footprint in C:\Users\Dogma\OneDrive\Documents\GitHub\keeboard\Keep-KiCad\keeboard\keeboard.kicad_pcb
DEBUG: board_modifier.py:89: Footprint not found
DEBUG: key_placer.py:934: Placing additional elements for SW39
DEBUG: board_modifier.py:132: Getting SW39 footprint position: (66675000, 85725000)
DEBUG: board_modifier.py:84: Searching for optional ST39 footprint in C:\Users\Dogma\OneDrive\Documents\GitHub\keeboard\Keep-KiCad\keeboard\keeboard.kicad_pcb
DEBUG: board_modifier.py:89: Footprint not found
DEBUG: key_placer.py:934: Placing additional elements for SW38
DEBUG: board_modifier.py:132: Getting SW38 footprint position: (42862500, 85725000)
DEBUG: board_modifier.py:84: Searching for optional ST38 footprint in C:\Users\Dogma\OneDrive\Documents\GitHub\keeboard\Keep-KiCad\keeboard\keeboard.kicad_pcb
DEBUG: board_modifier.py:89: Footprint not found
DEBUG: key_placer.py:934: Placing additional elements for SW37
DEBUG: board_modifier.py:132: Getting SW37 footprint position: (447675000, 66675000)
DEBUG: board_modifier.py:84: Searching for optional ST37 footprint in C:\Users\Dogma\OneDrive\Documents\GitHub\keeboard\Keep-KiCad\keeboard\keeboard.kicad_pcb
DEBUG: board_modifier.py:89: Footprint not found
DEBUG: key_placer.py:934: Placing additional elements for SW36
DEBUG: board_modifier.py:132: Getting SW36 footprint position: (428625000, 66675000)
DEBUG: board_modifier.py:84: Searching for optional ST36 footprint in C:\Users\Dogma\OneDrive\Documents\GitHub\keeboard\Keep-KiCad\keeboard\keeboard.kicad_pcb
DEBUG: board_modifier.py:89: Footprint not found
DEBUG: key_placer.py:934: Placing additional elements for SW35
DEBUG: board_modifier.py:132: Getting SW35 footprint position: (409575000, 66675000)
DEBUG: board_modifier.py:84: Searching for optional ST35 footprint in C:\Users\Dogma\OneDrive\Documents\GitHub\keeboard\Keep-KiCad\keeboard\keeboard.kicad_pcb
DEBUG: board_modifier.py:89: Footprint not found
DEBUG: key_placer.py:934: Placing additional elements for SW34
DEBUG: board_modifier.py:132: Getting SW34 footprint position: (390525000, 66675000)
DEBUG: board_modifier.py:84: Searching for optional ST34 footprint in C:\Users\Dogma\OneDrive\Documents\GitHub\keeboard\Keep-KiCad\keeboard\keeboard.kicad_pcb
DEBUG: board_modifier.py:89: Footprint not found
DEBUG: key_placer.py:934: Placing additional elements for SW33
DEBUG: board_modifier.py:132: Getting SW33 footprint position: (366712500, 66675000)
DEBUG: board_modifier.py:84: Searching for optional ST33 footprint in C:\Users\Dogma\OneDrive\Documents\GitHub\keeboard\Keep-KiCad\keeboard\keeboard.kicad_pcb
DEBUG: board_modifier.py:89: Footprint not found
DEBUG: key_placer.py:934: Placing additional elements for SW32
DEBUG: board_modifier.py:132: Getting SW32 footprint position: (347662500, 66675000)
DEBUG: board_modifier.py:84: Searching for optional ST32 footprint in C:\Users\Dogma\OneDrive\Documents\GitHub\keeboard\Keep-KiCad\keeboard\keeboard.kicad_pcb
DEBUG: board_modifier.py:89: Footprint not found
DEBUG: key_placer.py:934: Placing additional elements for SW31
DEBUG: board_modifier.py:132: Getting SW31 footprint position: (328612500, 66675000)
DEBUG: board_modifier.py:84: Searching for optional ST31 footprint in C:\Users\Dogma\OneDrive\Documents\GitHub\keeboard\Keep-KiCad\keeboard\keeboard.kicad_pcb
DEBUG: board_modifier.py:89: Footprint not found
DEBUG: key_placer.py:934: Placing additional elements for SW30
DEBUG: board_modifier.py:132: Getting SW30 footprint position: (295275000, 66675000)
DEBUG: board_modifier.py:84: Searching for optional ST30 footprint in C:\Users\Dogma\OneDrive\Documents\GitHub\keeboard\Keep-KiCad\keeboard\keeboard.kicad_pcb
DEBUG: board_modifier.py:89: Footprint not found
DEBUG: key_placer.py:934: Placing additional elements for SW29
DEBUG: board_modifier.py:132: Getting SW29 footprint position: (266700000, 66675000)
DEBUG: board_modifier.py:84: Searching for optional ST29 footprint in C:\Users\Dogma\OneDrive\Documents\GitHub\keeboard\Keep-KiCad\keeboard\keeboard.kicad_pcb
DEBUG: board_modifier.py:89: Footprint not found
DEBUG: key_placer.py:934: Placing additional elements for SW28
DEBUG: board_modifier.py:132: Getting SW28 footprint position: (247650000, 66675000)
DEBUG: board_modifier.py:84: Searching for optional ST28 footprint in C:\Users\Dogma\OneDrive\Documents\GitHub\keeboard\Keep-KiCad\keeboard\keeboard.kicad_pcb
DEBUG: board_modifier.py:89: Footprint not found
DEBUG: key_placer.py:934: Placing additional elements for SW27
DEBUG: board_modifier.py:132: Getting SW27 footprint position: (228600000, 66675000)
DEBUG: board_modifier.py:84: Searching for optional ST27 footprint in C:\Users\Dogma\OneDrive\Documents\GitHub\keeboard\Keep-KiCad\keeboard\keeboard.kicad_pcb
DEBUG: board_modifier.py:89: Footprint not found
DEBUG: key_placer.py:934: Placing additional elements for SW26
DEBUG: board_modifier.py:132: Getting SW26 footprint position: (209550000, 66675000)
DEBUG: board_modifier.py:84: Searching for optional ST26 footprint in C:\Users\Dogma\OneDrive\Documents\GitHub\keeboard\Keep-KiCad\keeboard\keeboard.kicad_pcb
DEBUG: board_modifier.py:89: Footprint not found
DEBUG: key_placer.py:934: Placing additional elements for SW25
DEBUG: board_modifier.py:132: Getting SW25 footprint position: (190500000, 66675000)
DEBUG: board_modifier.py:84: Searching for optional ST25 footprint in C:\Users\Dogma\OneDrive\Documents\GitHub\keeboard\Keep-KiCad\keeboard\keeboard.kicad_pcb
DEBUG: board_modifier.py:89: Footprint not found
DEBUG: key_placer.py:934: Placing additional elements for SW24
DEBUG: board_modifier.py:132: Getting SW24 footprint position: (171450000, 66675000)
DEBUG: board_modifier.py:84: Searching for optional ST24 footprint in C:\Users\Dogma\OneDrive\Documents\GitHub\keeboard\Keep-KiCad\keeboard\keeboard.kicad_pcb
DEBUG: board_modifier.py:89: Footprint not found
DEBUG: key_placer.py:934: Placing additional elements for SW23
DEBUG: board_modifier.py:132: Getting SW23 footprint position: (152400000, 66675000)
DEBUG: board_modifier.py:84: Searching for optional ST23 footprint in C:\Users\Dogma\OneDrive\Documents\GitHub\keeboard\Keep-KiCad\keeboard\keeboard.kicad_pcb
DEBUG: board_modifier.py:89: Footprint not found
DEBUG: key_placer.py:934: Placing additional elements for SW22
DEBUG: board_modifier.py:132: Getting SW22 footprint position: (133350000, 66675000)
DEBUG: board_modifier.py:84: Searching for optional ST22 footprint in C:\Users\Dogma\OneDrive\Documents\GitHub\keeboard\Keep-KiCad\keeboard\keeboard.kicad_pcb
DEBUG: board_modifier.py:89: Footprint not found
DEBUG: key_placer.py:934: Placing additional elements for SW21
DEBUG: board_modifier.py:132: Getting SW21 footprint position: (114300000, 66675000)
DEBUG: board_modifier.py:84: Searching for optional ST21 footprint in C:\Users\Dogma\OneDrive\Documents\GitHub\keeboard\Keep-KiCad\keeboard\keeboard.kicad_pcb
DEBUG: board_modifier.py:89: Footprint not found
DEBUG: key_placer.py:934: Placing additional elements for SW20
DEBUG: board_modifier.py:132: Getting SW20 footprint position: (95250000, 66675000)
DEBUG: board_modifier.py:84: Searching for optional ST20 footprint in C:\Users\Dogma\OneDrive\Documents\GitHub\keeboard\Keep-KiCad\keeboard\keeboard.kicad_pcb
DEBUG: board_modifier.py:89: Footprint not found
DEBUG: key_placer.py:934: Placing additional elements for SW19
DEBUG: board_modifier.py:132: Getting SW19 footprint position: (76200000, 66675000)
DEBUG: board_modifier.py:84: Searching for optional ST19 footprint in C:\Users\Dogma\OneDrive\Documents\GitHub\keeboard\Keep-KiCad\keeboard\keeboard.kicad_pcb
DEBUG: board_modifier.py:89: Footprint not found
DEBUG: key_placer.py:934: Placing additional elements for SW18
DEBUG: board_modifier.py:132: Getting SW18 footprint position: (57150000, 66675000)
DEBUG: board_modifier.py:84: Searching for optional ST18 footprint in C:\Users\Dogma\OneDrive\Documents\GitHub\keeboard\Keep-KiCad\keeboard\keeboard.kicad_pcb
DEBUG: board_modifier.py:89: Footprint not found
DEBUG: key_placer.py:934: Placing additional elements for SW17
DEBUG: board_modifier.py:132: Getting SW17 footprint position: (38100000, 66675000)
DEBUG: board_modifier.py:84: Searching for optional ST17 footprint in C:\Users\Dogma\OneDrive\Documents\GitHub\keeboard\Keep-KiCad\keeboard\keeboard.kicad_pcb
DEBUG: board_modifier.py:89: Footprint not found
DEBUG: key_placer.py:934: Placing additional elements for SW16
DEBUG: board_modifier.py:132: Getting SW16 footprint position: (366712500, 38100000)
DEBUG: board_modifier.py:84: Searching for optional ST16 footprint in C:\Users\Dogma\OneDrive\Documents\GitHub\keeboard\Keep-KiCad\keeboard\keeboard.kicad_pcb
DEBUG: board_modifier.py:89: Footprint not found
DEBUG: key_placer.py:934: Placing additional elements for SW15
DEBUG: board_modifier.py:132: Getting SW15 footprint position: (347662500, 38100000)
DEBUG: board_modifier.py:84: Searching for optional ST15 footprint in C:\Users\Dogma\OneDrive\Documents\GitHub\keeboard\Keep-KiCad\keeboard\keeboard.kicad_pcb
DEBUG: board_modifier.py:89: Footprint not found
DEBUG: key_placer.py:934: Placing additional elements for SW14
DEBUG: board_modifier.py:132: Getting SW14 footprint position: (328612500, 38100000)
DEBUG: board_modifier.py:84: Searching for optional ST14 footprint in C:\Users\Dogma\OneDrive\Documents\GitHub\keeboard\Keep-KiCad\keeboard\keeboard.kicad_pcb
DEBUG: board_modifier.py:89: Footprint not found
DEBUG: key_placer.py:934: Placing additional elements for SW13
DEBUG: board_modifier.py:132: Getting SW13 footprint position: (304800000, 38100000)
DEBUG: board_modifier.py:84: Searching for optional ST13 footprint in C:\Users\Dogma\OneDrive\Documents\GitHub\keeboard\Keep-KiCad\keeboard\keeboard.kicad_pcb
DEBUG: board_modifier.py:89: Footprint not found
DEBUG: key_placer.py:934: Placing additional elements for SW12
DEBUG: board_modifier.py:132: Getting SW12 footprint position: (285750000, 38100000)
DEBUG: board_modifier.py:84: Searching for optional ST12 footprint in C:\Users\Dogma\OneDrive\Documents\GitHub\keeboard\Keep-KiCad\keeboard\keeboard.kicad_pcb
DEBUG: board_modifier.py:89: Footprint not found
DEBUG: key_placer.py:934: Placing additional elements for SW11
DEBUG: board_modifier.py:132: Getting SW11 footprint position: (266700000, 38100000)
DEBUG: board_modifier.py:84: Searching for optional ST11 footprint in C:\Users\Dogma\OneDrive\Documents\GitHub\keeboard\Keep-KiCad\keeboard\keeboard.kicad_pcb
DEBUG: board_modifier.py:89: Footprint not found
DEBUG: key_placer.py:934: Placing additional elements for SW10
DEBUG: board_modifier.py:132: Getting SW10 footprint position: (247650000, 38100000)
DEBUG: board_modifier.py:84: Searching for optional ST10 footprint in C:\Users\Dogma\OneDrive\Documents\GitHub\keeboard\Keep-KiCad\keeboard\keeboard.kicad_pcb
DEBUG: board_modifier.py:89: Footprint not found
DEBUG: key_placer.py:934: Placing additional elements for SW9
DEBUG: board_modifier.py:132: Getting SW9 footprint position: (219075000, 38100000)
DEBUG: board_modifier.py:84: Searching for optional ST9 footprint in C:\Users\Dogma\OneDrive\Documents\GitHub\keeboard\Keep-KiCad\keeboard\keeboard.kicad_pcb
DEBUG: board_modifier.py:89: Footprint not found
DEBUG: key_placer.py:934: Placing additional elements for SW8
DEBUG: board_modifier.py:132: Getting SW8 footprint position: (200025000, 38100000)
DEBUG: board_modifier.py:84: Searching for optional ST8 footprint in C:\Users\Dogma\OneDrive\Documents\GitHub\keeboard\Keep-KiCad\keeboard\keeboard.kicad_pcb
DEBUG: board_modifier.py:89: Footprint not found
DEBUG: key_placer.py:934: Placing additional elements for SW7
DEBUG: board_modifier.py:132: Getting SW7 footprint position: (180975000, 38100000)
DEBUG: board_modifier.py:84: Searching for optional ST7 footprint in C:\Users\Dogma\OneDrive\Documents\GitHub\keeboard\Keep-KiCad\keeboard\keeboard.kicad_pcb
DEBUG: board_modifier.py:89: Footprint not found
DEBUG: key_placer.py:934: Placing additional elements for SW6
DEBUG: board_modifier.py:132: Getting SW6 footprint position: (161925000, 38100000)
DEBUG: board_modifier.py:84: Searching for optional ST6 footprint in C:\Users\Dogma\OneDrive\Documents\GitHub\keeboard\Keep-KiCad\keeboard\keeboard.kicad_pcb
DEBUG: board_modifier.py:89: Footprint not found
DEBUG: key_placer.py:934: Placing additional elements for SW5
DEBUG: board_modifier.py:132: Getting SW5 footprint position: (133350000, 38100000)
DEBUG: board_modifier.py:84: Searching for optional ST5 footprint in C:\Users\Dogma\OneDrive\Documents\GitHub\keeboard\Keep-KiCad\keeboard\keeboard.kicad_pcb
DEBUG: board_modifier.py:89: Footprint not found
DEBUG: key_placer.py:934: Placing additional elements for SW4
DEBUG: board_modifier.py:132: Getting SW4 footprint position: (114300000, 38100000)
DEBUG: board_modifier.py:84: Searching for optional ST4 footprint in C:\Users\Dogma\OneDrive\Documents\GitHub\keeboard\Keep-KiCad\keeboard\keeboard.kicad_pcb
DEBUG: board_modifier.py:89: Footprint not found
DEBUG: key_placer.py:934: Placing additional elements for SW3
DEBUG: board_modifier.py:132: Getting SW3 footprint position: (95250000, 38100000)
DEBUG: board_modifier.py:84: Searching for optional ST3 footprint in C:\Users\Dogma\OneDrive\Documents\GitHub\keeboard\Keep-KiCad\keeboard\keeboard.kicad_pcb
DEBUG: board_modifier.py:89: Footprint not found
DEBUG: key_placer.py:934: Placing additional elements for SW2
DEBUG: board_modifier.py:132: Getting SW2 footprint position: (76200000, 38100000)
DEBUG: board_modifier.py:84: Searching for optional ST2 footprint in C:\Users\Dogma\OneDrive\Documents\GitHub\keeboard\Keep-KiCad\keeboard\keeboard.kicad_pcb
DEBUG: board_modifier.py:89: Footprint not found
DEBUG: key_placer.py:934: Placing additional elements for SW1
DEBUG: board_modifier.py:132: Getting SW1 footprint position: (38100000, 38100000)
DEBUG: board_modifier.py:84: Searching for optional ST1 footprint in C:\Users\Dogma\OneDrive\Documents\GitHub\keeboard\Keep-KiCad\keeboard\keeboard.kicad_pcb
DEBUG: board_modifier.py:89: Footprint not found
INFO: key_placer.py:484: Routing SW105 with D104
INFO: key_placer.py:486: Using internal autorouter method
DEBUG: board_modifier.py:592: Routing at F.Cu layer
DEBUG: board_modifier.py:609: Netclass: Default, track width: 200000
DEBUG: board_modifier.py:675: Routing pad 'SW105:2' at (426085000, 137795000) with pad 'D104:2' at (433705000, 139255000) using coordinate system rotated by 0 degree(s)
INFO: key_placer.py:484: Routing SW104 with D103
INFO: key_placer.py:486: Using internal autorouter method
DEBUG: board_modifier.py:592: Routing at F.Cu layer
DEBUG: board_modifier.py:609: Netclass: Default, track width: 200000
DEBUG: board_modifier.py:675: Routing pad 'SW104:2' at (397510000, 137795000) with pad 'D103:2' at (405130000, 139255000) using coordinate system rotated by 0 degree(s)
INFO: key_placer.py:484: Routing SW103 with D102
INFO: key_placer.py:486: Using internal autorouter method
DEBUG: board_modifier.py:592: Routing at F.Cu layer
DEBUG: board_modifier.py:609: Netclass: Default, track width: 200000
DEBUG: board_modifier.py:675: Routing pad 'SW103:2' at (364172500, 137795000) with pad 'D102:2' at (371792500, 139255000) using coordinate system rotated by 0 degree(s)
INFO: key_placer.py:484: Routing SW102 with D101
INFO: key_placer.py:486: Using internal autorouter method
DEBUG: board_modifier.py:592: Routing at F.Cu layer
DEBUG: board_modifier.py:609: Netclass: Default, track width: 200000
DEBUG: board_modifier.py:675: Routing pad 'SW102:2' at (345122500, 137795000) with pad 'D101:2' at (352742500, 139255000) using coordinate system rotated by 0 degree(s)
INFO: key_placer.py:484: Routing SW101 with D100
INFO: key_placer.py:486: Using internal autorouter method
DEBUG: board_modifier.py:592: Routing at F.Cu layer
DEBUG: board_modifier.py:609: Netclass: Default, track width: 200000
DEBUG: board_modifier.py:675: Routing pad 'SW101:2' at (326072500, 137795000) with pad 'D100:2' at (333692500, 139255000) using coordinate system rotated by 0 degree(s)
INFO: key_placer.py:484: Routing SW100 with D99
INFO: key_placer.py:486: Using internal autorouter method
DEBUG: board_modifier.py:592: Routing at F.Cu layer
DEBUG: board_modifier.py:609: Netclass: Default, track width: 200000
DEBUG: board_modifier.py:675: Routing pad 'SW100:2' at (299878750, 137795000) with pad 'D99:2' at (307498750, 139255000) using coordinate system rotated by 0 degree(s)
INFO: key_placer.py:484: Routing SW99 with D98
INFO: key_placer.py:486: Using internal autorouter method
DEBUG: board_modifier.py:592: Routing at F.Cu layer
DEBUG: board_modifier.py:609: Netclass: Default, track width: 200000
DEBUG: board_modifier.py:675: Routing pad 'SW99:2' at (276066250, 137795000) with pad 'D98:2' at (283686250, 139255000) using coordinate system rotated by 0 degree(s)
INFO: key_placer.py:484: Routing SW98 with D97
INFO: key_placer.py:486: Using internal autorouter method
DEBUG: board_modifier.py:592: Routing at F.Cu layer
DEBUG: board_modifier.py:609: Netclass: Default, track width: 200000
DEBUG: board_modifier.py:675: Routing pad 'SW98:2' at (252253750, 137795000) with pad 'D97:2' at (259873750, 139255000) using coordinate system rotated by 0 degree(s)
INFO: key_placer.py:484: Routing SW97 with D96
INFO: key_placer.py:486: Using internal autorouter method
DEBUG: board_modifier.py:592: Routing at F.Cu layer
DEBUG: board_modifier.py:609: Netclass: Default, track width: 200000
DEBUG: board_modifier.py:675: Routing pad 'SW97:2' at (228441250, 137795000) with pad 'D96:2' at (236061250, 139255000) using coordinate system rotated by 0 degree(s)
INFO: key_placer.py:484: Routing SW96 with D95
INFO: key_placer.py:486: Using internal autorouter method
DEBUG: board_modifier.py:592: Routing at F.Cu layer
DEBUG: board_modifier.py:609: Netclass: Default, track width: 200000
DEBUG: board_modifier.py:675: Routing pad 'SW96:2' at (157003750, 137795000) with pad 'D95:2' at (164623750, 139255000) using coordinate system rotated by 0 degree(s)
INFO: key_placer.py:484: Routing SW95 with D94
INFO: key_placer.py:486: Using internal autorouter method
DEBUG: board_modifier.py:592: Routing at F.Cu layer
DEBUG: board_modifier.py:609: Netclass: Default, track width: 200000
DEBUG: board_modifier.py:675: Routing pad 'SW95:2' at (85566250, 137795000) with pad 'D94:2' at (93186250, 139255000) using coordinate system rotated by 0 degree(s)
INFO: key_placer.py:484: Routing SW94 with D93
INFO: key_placer.py:486: Using internal autorouter method
DEBUG: board_modifier.py:592: Routing at F.Cu layer
DEBUG: board_modifier.py:609: Netclass: Default, track width: 200000
DEBUG: board_modifier.py:675: Routing pad 'SW94:2' at (61753750, 137795000) with pad 'D93:2' at (69373750, 139255000) using coordinate system rotated by 0 degree(s)
INFO: key_placer.py:484: Routing SW93 with D92
INFO: key_placer.py:486: Using internal autorouter method
DEBUG: board_modifier.py:592: Routing at F.Cu layer
DEBUG: board_modifier.py:609: Netclass: Default, track width: 200000
DEBUG: board_modifier.py:675: Routing pad 'SW93:2' at (37941250, 137795000) with pad 'D92:2' at (45561250, 139255000) using coordinate system rotated by 0 degree(s)
INFO: key_placer.py:484: Routing SW92 with D91
INFO: key_placer.py:486: Using internal autorouter method
DEBUG: board_modifier.py:592: Routing at F.Cu layer
DEBUG: board_modifier.py:609: Netclass: Default, track width: 200000
DEBUG: board_modifier.py:675: Routing pad 'SW92:2' at (445135000, 128270000) with pad 'D91:2' at (452755000, 129730000) using coordinate system rotated by 0 degree(s)
INFO: key_placer.py:484: Routing SW91 with D90
INFO: key_placer.py:486: Using internal autorouter method
DEBUG: board_modifier.py:592: Routing at F.Cu layer
DEBUG: board_modifier.py:609: Netclass: Default, track width: 200000
DEBUG: board_modifier.py:675: Routing pad 'SW91:2' at (426085000, 118745000) with pad 'D90:2' at (433705000, 120205000) using coordinate system rotated by 0 degree(s)
INFO: key_placer.py:484: Routing SW90 with D89
INFO: key_placer.py:486: Using internal autorouter method
DEBUG: board_modifier.py:592: Routing at F.Cu layer
DEBUG: board_modifier.py:609: Netclass: Default, track width: 200000
DEBUG: board_modifier.py:675: Routing pad 'SW90:2' at (407035000, 118745000) with pad 'D89:2' at (414655000, 120205000) using coordinate system rotated by 0 degree(s)
INFO: key_placer.py:484: Routing SW89 with D88
INFO: key_placer.py:486: Using internal autorouter method
DEBUG: board_modifier.py:592: Routing at F.Cu layer
DEBUG: board_modifier.py:609: Netclass: Default, track width: 200000
DEBUG: board_modifier.py:675: Routing pad 'SW89:2' at (387985000, 118745000) with pad 'D88:2' at (395605000, 120205000) using coordinate system rotated by 0 degree(s)
INFO: key_placer.py:484: Routing SW88 with D87
INFO: key_placer.py:486: Using internal autorouter method
DEBUG: board_modifier.py:592: Routing at F.Cu layer
DEBUG: board_modifier.py:609: Netclass: Default, track width: 200000
DEBUG: board_modifier.py:675: Routing pad 'SW88:2' at (345122500, 118745000) with pad 'D87:2' at (352742500, 120205000) using coordinate system rotated by 0 degree(s)
INFO: key_placer.py:484: Routing SW87 with D86
INFO: key_placer.py:486: Using internal autorouter method
DEBUG: board_modifier.py:592: Routing at F.Cu layer
DEBUG: board_modifier.py:609: Netclass: Default, track width: 200000
DEBUG: board_modifier.py:675: Routing pad 'SW87:2' at (285591250, 118745000) with pad 'D86:2' at (293211250, 120205000) using coordinate system rotated by 0 degree(s)
INFO: key_placer.py:484: Routing SW86 with D85
INFO: key_placer.py:486: Using internal autorouter method
DEBUG: board_modifier.py:592: Routing at F.Cu layer
DEBUG: board_modifier.py:609: Netclass: Default, track width: 200000
DEBUG: board_modifier.py:675: Routing pad 'SW86:2' at (249872500, 118745000) with pad 'D85:2' at (257492500, 120205000) using coordinate system rotated by 0 degree(s)
INFO: key_placer.py:484: Routing SW85 with D84
INFO: key_placer.py:486: Using internal autorouter method
DEBUG: board_modifier.py:592: Routing at F.Cu layer
DEBUG: board_modifier.py:609: Netclass: Default, track width: 200000
DEBUG: board_modifier.py:675: Routing pad 'SW85:2' at (230822500, 118745000) with pad 'D84:2' at (238442500, 120205000) using coordinate system rotated by 0 degree(s)
INFO: key_placer.py:484: Routing SW84 with D83
INFO: key_placer.py:486: Using internal autorouter method
DEBUG: board_modifier.py:592: Routing at F.Cu layer
DEBUG: board_modifier.py:609: Netclass: Default, track width: 200000
DEBUG: board_modifier.py:675: Routing pad 'SW84:2' at (211772500, 118745000) with pad 'D83:2' at (219392500, 120205000) using coordinate system rotated by 0 degree(s)
INFO: key_placer.py:484: Routing SW83 with D82
INFO: key_placer.py:486: Using internal autorouter method
DEBUG: board_modifier.py:592: Routing at F.Cu layer
DEBUG: board_modifier.py:609: Netclass: Default, track width: 200000
DEBUG: board_modifier.py:675: Routing pad 'SW83:2' at (192722500, 118745000) with pad 'D82:2' at (200342500, 120205000) using coordinate system rotated by 0 degree(s)
INFO: key_placer.py:484: Routing SW82 with D81
INFO: key_placer.py:486: Using internal autorouter method
DEBUG: board_modifier.py:592: Routing at F.Cu layer
DEBUG: board_modifier.py:609: Netclass: Default, track width: 200000
DEBUG: board_modifier.py:675: Routing pad 'SW82:2' at (173672500, 118745000) with pad 'D81:2' at (181292500, 120205000) using coordinate system rotated by 0 degree(s)
INFO: key_placer.py:484: Routing SW81 with D80
INFO: key_placer.py:486: Using internal autorouter method
DEBUG: board_modifier.py:592: Routing at F.Cu layer
DEBUG: board_modifier.py:609: Netclass: Default, track width: 200000
DEBUG: board_modifier.py:675: Routing pad 'SW81:2' at (154622500, 118745000) with pad 'D80:2' at (162242500, 120205000) using coordinate system rotated by 0 degree(s)
INFO: key_placer.py:484: Routing SW80 with D79
INFO: key_placer.py:486: Using internal autorouter method
DEBUG: board_modifier.py:592: Routing at F.Cu layer
DEBUG: board_modifier.py:609: Netclass: Default, track width: 200000
DEBUG: board_modifier.py:675: Routing pad 'SW80:2' at (135572500, 118745000) with pad 'D79:2' at (143192500, 120205000) using coordinate system rotated by 0 degree(s)
INFO: key_placer.py:484: Routing SW79 with D78
INFO: key_placer.py:486: Using internal autorouter method
DEBUG: board_modifier.py:592: Routing at F.Cu layer
DEBUG: board_modifier.py:609: Netclass: Default, track width: 200000
DEBUG: board_modifier.py:675: Routing pad 'SW79:2' at (116522500, 118745000) with pad 'D78:2' at (124142500, 120205000) using coordinate system rotated by 0 degree(s)
INFO: key_placer.py:484: Routing SW78 with D77
INFO: key_placer.py:486: Using internal autorouter method
DEBUG: board_modifier.py:592: Routing at F.Cu layer
DEBUG: board_modifier.py:609: Netclass: Default, track width: 200000
DEBUG: board_modifier.py:675: Routing pad 'SW78:2' at (97472500, 118745000) with pad 'D77:2' at (105092500, 120205000) using coordinate system rotated by 0 degree(s)
INFO: key_placer.py:484: Routing SW77 with D76
INFO: key_placer.py:486: Using internal autorouter method
DEBUG: board_modifier.py:592: Routing at F.Cu layer
DEBUG: board_modifier.py:609: Netclass: Default, track width: 200000
DEBUG: board_modifier.py:675: Routing pad 'SW77:2' at (78422500, 118745000) with pad 'D76:2' at (86042500, 120205000) using coordinate system rotated by 0 degree(s)
INFO: key_placer.py:484: Routing SW76 with D75
INFO: key_placer.py:486: Using internal autorouter method
DEBUG: board_modifier.py:592: Routing at F.Cu layer
DEBUG: board_modifier.py:609: Netclass: Default, track width: 200000
DEBUG: board_modifier.py:675: Routing pad 'SW76:2' at (47466250, 118745000) with pad 'D75:2' at (55086250, 120205000) using coordinate system rotated by 0 degree(s)
INFO: key_placer.py:484: Routing SW75 with D74
INFO: key_placer.py:486: Using internal autorouter method
DEBUG: board_modifier.py:592: Routing at F.Cu layer
DEBUG: board_modifier.py:609: Netclass: Default, track width: 200000
DEBUG: board_modifier.py:675: Routing pad 'SW75:2' at (449897500, 99695000) with pad 'D74:2' at (457517500, 101155000) using coordinate system rotated by 0 degree(s)
INFO: key_placer.py:484: Routing SW74 with D73
INFO: key_placer.py:486: Using internal autorouter method
DEBUG: board_modifier.py:592: Routing at F.Cu layer
DEBUG: board_modifier.py:609: Netclass: Default, track width: 200000
DEBUG: board_modifier.py:675: Routing pad 'SW74:2' at (426085000, 99695000) with pad 'D73:2' at (433705000, 101155000) using coordinate system rotated by 0 degree(s)
INFO: key_placer.py:484: Routing SW73 with D72
INFO: key_placer.py:486: Using internal autorouter method
DEBUG: board_modifier.py:592: Routing at F.Cu layer
DEBUG: board_modifier.py:609: Netclass: Default, track width: 200000
DEBUG: board_modifier.py:675: Routing pad 'SW73:2' at (407035000, 99695000) with pad 'D72:2' at (414655000, 101155000) using coordinate system rotated by 0 degree(s)
INFO: key_placer.py:484: Routing SW72 with D71
INFO: key_placer.py:486: Using internal autorouter method
DEBUG: board_modifier.py:592: Routing at F.Cu layer
DEBUG: board_modifier.py:609: Netclass: Default, track width: 200000
DEBUG: board_modifier.py:675: Routing pad 'SW72:2' at (387985000, 99695000) with pad 'D71:2' at (395605000, 101155000) using coordinate system rotated by 0 degree(s)
INFO: key_placer.py:484: Routing SW71 with D70
INFO: key_placer.py:486: Using internal autorouter method
DEBUG: board_modifier.py:592: Routing at F.Cu layer
DEBUG: board_modifier.py:609: Netclass: Default, track width: 200000
DEBUG: board_modifier.py:675: Routing pad 'SW71:2' at (290353750, 99695000) with pad 'D70:2' at (297973750, 101155000) using coordinate system rotated by 0 degree(s)
INFO: key_placer.py:484: Routing SW70 with D69
INFO: key_placer.py:486: Using internal autorouter method
DEBUG: board_modifier.py:592: Routing at F.Cu layer
DEBUG: board_modifier.py:609: Netclass: Default, track width: 200000
DEBUG: board_modifier.py:675: Routing pad 'SW70:2' at (259397500, 99695000) with pad 'D69:2' at (267017500, 101155000) using coordinate system rotated by 0 degree(s)
INFO: key_placer.py:484: Routing SW69 with D68
INFO: key_placer.py:486: Using internal autorouter method
DEBUG: board_modifier.py:592: Routing at F.Cu layer
DEBUG: board_modifier.py:609: Netclass: Default, track width: 200000
DEBUG: board_modifier.py:675: Routing pad 'SW69:2' at (240347500, 99695000) with pad 'D68:2' at (247967500, 101155000) using coordinate system rotated by 0 degree(s)
INFO: key_placer.py:484: Routing SW68 with D67
INFO: key_placer.py:486: Using internal autorouter method
DEBUG: board_modifier.py:592: Routing at F.Cu layer
DEBUG: board_modifier.py:609: Netclass: Default, track width: 200000
DEBUG: board_modifier.py:675: Routing pad 'SW68:2' at (221297500, 99695000) with pad 'D67:2' at (228917500, 101155000) using coordinate system rotated by 0 degree(s)
INFO: key_placer.py:484: Routing SW67 with D66
INFO: key_placer.py:486: Using internal autorouter method
DEBUG: board_modifier.py:592: Routing at F.Cu layer
DEBUG: board_modifier.py:609: Netclass: Default, track width: 200000
DEBUG: board_modifier.py:675: Routing pad 'SW67:2' at (202247500, 99695000) with pad 'D66:2' at (209867500, 101155000) using coordinate system rotated by 0 degree(s)
INFO: key_placer.py:484: Routing SW66 with D65
INFO: key_placer.py:486: Using internal autorouter method
DEBUG: board_modifier.py:592: Routing at F.Cu layer
DEBUG: board_modifier.py:609: Netclass: Default, track width: 200000
DEBUG: board_modifier.py:675: Routing pad 'SW66:2' at (183197500, 99695000) with pad 'D65:2' at (190817500, 101155000) using coordinate system rotated by 0 degree(s)
INFO: key_placer.py:484: Routing SW65 with D64
INFO: key_placer.py:486: Using internal autorouter method
DEBUG: board_modifier.py:592: Routing at F.Cu layer
DEBUG: board_modifier.py:609: Netclass: Default, track width: 200000
DEBUG: board_modifier.py:675: Routing pad 'SW65:2' at (164147500, 99695000) with pad 'D64:2' at (171767500, 101155000) using coordinate system rotated by 0 degree(s)
INFO: key_placer.py:484: Routing SW64 with D63
INFO: key_placer.py:486: Using internal autorouter method
DEBUG: board_modifier.py:592: Routing at F.Cu layer
DEBUG: board_modifier.py:609: Netclass: Default, track width: 200000
DEBUG: board_modifier.py:675: Routing pad 'SW64:2' at (145097500, 99695000) with pad 'D63:2' at (152717500, 101155000) using coordinate system rotated by 0 degree(s)
INFO: key_placer.py:484: Routing SW63 with D62
INFO: key_placer.py:486: Using internal autorouter method
DEBUG: board_modifier.py:592: Routing at F.Cu layer
DEBUG: board_modifier.py:609: Netclass: Default, track width: 200000
DEBUG: board_modifier.py:675: Routing pad 'SW63:2' at (126047500, 99695000) with pad 'D62:2' at (133667500, 101155000) using coordinate system rotated by 0 degree(s)
INFO: key_placer.py:484: Routing SW62 with D61
INFO: key_placer.py:486: Using internal autorouter method
DEBUG: board_modifier.py:592: Routing at F.Cu layer
DEBUG: board_modifier.py:609: Netclass: Default, track width: 200000
DEBUG: board_modifier.py:675: Routing pad 'SW62:2' at (106997500, 99695000) with pad 'D61:2' at (114617500, 101155000) using coordinate system rotated by 0 degree(s)
INFO: key_placer.py:484: Routing SW61 with D60
INFO: key_placer.py:486: Using internal autorouter method
DEBUG: board_modifier.py:592: Routing at F.Cu layer
DEBUG: board_modifier.py:609: Netclass: Default, track width: 200000
DEBUG: board_modifier.py:675: Routing pad 'SW61:2' at (87947500, 99695000) with pad 'D60:2' at (95567500, 101155000) using coordinate system rotated by 0 degree(s)
INFO: key_placer.py:484: Routing SW60 with D59
INFO: key_placer.py:486: Using internal autorouter method
DEBUG: board_modifier.py:592: Routing at F.Cu layer
DEBUG: board_modifier.py:609: Netclass: Default, track width: 200000
DEBUG: board_modifier.py:675: Routing pad 'SW60:2' at (68897500, 99695000) with pad 'D59:2' at (76517500, 101155000) using coordinate system rotated by 0 degree(s)
INFO: key_placer.py:484: Routing SW59 with D58
INFO: key_placer.py:486: Using internal autorouter method
DEBUG: board_modifier.py:592: Routing at F.Cu layer
DEBUG: board_modifier.py:609: Netclass: Default, track width: 200000
DEBUG: board_modifier.py:675: Routing pad 'SW59:2' at (42703750, 99695000) with pad 'D58:2' at (50323750, 101155000) using coordinate system rotated by 0 degree(s)
INFO: key_placer.py:484: Routing SW58 with D57
INFO: key_placer.py:486: Using internal autorouter method
DEBUG: board_modifier.py:592: Routing at F.Cu layer
DEBUG: board_modifier.py:609: Netclass: Default, track width: 200000
DEBUG: board_modifier.py:675: Routing pad 'SW58:2' at (445135000, 90170000) with pad 'D57:2' at (452755000, 91630000) using coordinate system rotated by 0 degree(s)
INFO: key_placer.py:484: Routing SW57 with D56
INFO: key_placer.py:486: Using internal autorouter method
DEBUG: board_modifier.py:592: Routing at F.Cu layer
DEBUG: board_modifier.py:609: Netclass: Default, track width: 200000
DEBUG: board_modifier.py:675: Routing pad 'SW57:2' at (426085000, 80645000) with pad 'D56:2' at (433705000, 82105000) using coordinate system rotated by 0 degree(s)
INFO: key_placer.py:484: Routing SW56 with D55
INFO: key_placer.py:486: Using internal autorouter method
DEBUG: board_modifier.py:592: Routing at F.Cu layer
DEBUG: board_modifier.py:609: Netclass: Default, track width: 200000
DEBUG: board_modifier.py:675: Routing pad 'SW56:2' at (407035000, 80645000) with pad 'D55:2' at (414655000, 82105000) using coordinate system rotated by 0 degree(s)
INFO: key_placer.py:484: Routing SW55 with D54
INFO: key_placer.py:486: Using internal autorouter method
DEBUG: board_modifier.py:592: Routing at F.Cu layer
DEBUG: board_modifier.py:609: Netclass: Default, track width: 200000
DEBUG: board_modifier.py:675: Routing pad 'SW55:2' at (387985000, 80645000) with pad 'D54:2' at (395605000, 82105000) using coordinate system rotated by 0 degree(s)
INFO: key_placer.py:484: Routing SW54 with D53
INFO: key_placer.py:486: Using internal autorouter method
DEBUG: board_modifier.py:592: Routing at F.Cu layer
DEBUG: board_modifier.py:609: Netclass: Default, track width: 200000
DEBUG: board_modifier.py:675: Routing pad 'SW54:2' at (364172500, 80645000) with pad 'D53:2' at (371792500, 82105000) using coordinate system rotated by 0 degree(s)
INFO: key_placer.py:484: Routing SW53 with D52
INFO: key_placer.py:486: Using internal autorouter method
DEBUG: board_modifier.py:592: Routing at F.Cu layer
DEBUG: board_modifier.py:609: Netclass: Default, track width: 200000
DEBUG: board_modifier.py:675: Routing pad 'SW53:2' at (345122500, 80645000) with pad 'D52:2' at (352742500, 82105000) using coordinate system rotated by 0 degree(s)
INFO: key_placer.py:484: Routing SW52 with D51
INFO: key_placer.py:486: Using internal autorouter method
DEBUG: board_modifier.py:592: Routing at F.Cu layer
DEBUG: board_modifier.py:609: Netclass: Default, track width: 200000
DEBUG: board_modifier.py:675: Routing pad 'SW52:2' at (326072500, 80645000) with pad 'D51:2' at (333692500, 82105000) using coordinate system rotated by 0 degree(s)
INFO: key_placer.py:484: Routing SW51 with D50
INFO: key_placer.py:486: Using internal autorouter method
DEBUG: board_modifier.py:592: Routing at F.Cu layer
DEBUG: board_modifier.py:609: Netclass: Default, track width: 200000
DEBUG: board_modifier.py:675: Routing pad 'SW51:2' at (297497500, 80645000) with pad 'D50:2' at (305117500, 82105000) using coordinate system rotated by 0 degree(s)
INFO: key_placer.py:484: Routing SW50 with D49
INFO: key_placer.py:486: Using internal autorouter method
DEBUG: board_modifier.py:592: Routing at F.Cu layer
DEBUG: board_modifier.py:609: Netclass: Default, track width: 200000
DEBUG: board_modifier.py:675: Routing pad 'SW50:2' at (273685000, 80645000) with pad 'D49:2' at (281305000, 82105000) using coordinate system rotated by 0 degree(s)
INFO: key_placer.py:484: Routing SW49 with D48
INFO: key_placer.py:486: Using internal autorouter method
DEBUG: board_modifier.py:592: Routing at F.Cu layer
DEBUG: board_modifier.py:609: Netclass: Default, track width: 200000
DEBUG: board_modifier.py:675: Routing pad 'SW49:2' at (254635000, 80645000) with pad 'D48:2' at (262255000, 82105000) using coordinate system rotated by 0 degree(s)
INFO: key_placer.py:484: Routing SW48 with D47
INFO: key_placer.py:486: Using internal autorouter method
DEBUG: board_modifier.py:592: Routing at F.Cu layer
DEBUG: board_modifier.py:609: Netclass: Default, track width: 200000
DEBUG: board_modifier.py:675: Routing pad 'SW48:2' at (235585000, 80645000) with pad 'D47:2' at (243205000, 82105000) using coordinate system rotated by 0 degree(s)
INFO: key_placer.py:484: Routing SW47 with D46
INFO: key_placer.py:486: Using internal autorouter method
DEBUG: board_modifier.py:592: Routing at F.Cu layer
DEBUG: board_modifier.py:609: Netclass: Default, track width: 200000
DEBUG: board_modifier.py:675: Routing pad 'SW47:2' at (216535000, 80645000) with pad 'D46:2' at (224155000, 82105000) using coordinate system rotated by 0 degree(s)
INFO: key_placer.py:484: Routing SW46 with D45
INFO: key_placer.py:486: Using internal autorouter method
DEBUG: board_modifier.py:592: Routing at F.Cu layer
DEBUG: board_modifier.py:609: Netclass: Default, track width: 200000
DEBUG: board_modifier.py:675: Routing pad 'SW46:2' at (197485000, 80645000) with pad 'D45:2' at (205105000, 82105000) using coordinate system rotated by 0 degree(s)
INFO: key_placer.py:484: Routing SW45 with D44
INFO: key_placer.py:486: Using internal autorouter method
DEBUG: board_modifier.py:592: Routing at F.Cu layer
DEBUG: board_modifier.py:609: Netclass: Default, track width: 200000
DEBUG: board_modifier.py:675: Routing pad 'SW45:2' at (178435000, 80645000) with pad 'D44:2' at (186055000, 82105000) using coordinate system rotated by 0 degree(s)
INFO: key_placer.py:484: Routing SW44 with D43
INFO: key_placer.py:486: Using internal autorouter method
DEBUG: board_modifier.py:592: Routing at F.Cu layer
DEBUG: board_modifier.py:609: Netclass: Default, track width: 200000
DEBUG: board_modifier.py:675: Routing pad 'SW44:2' at (159385000, 80645000) with pad 'D43:2' at (167005000, 82105000) using coordinate system rotated by 0 degree(s)
INFO: key_placer.py:484: Routing SW43 with D42
INFO: key_placer.py:486: Using internal autorouter method
DEBUG: board_modifier.py:592: Routing at F.Cu layer
DEBUG: board_modifier.py:609: Netclass: Default, track width: 200000
DEBUG: board_modifier.py:675: Routing pad 'SW43:2' at (140335000, 80645000) with pad 'D42:2' at (147955000, 82105000) using coordinate system rotated by 0 degree(s)
INFO: key_placer.py:484: Routing SW42 with D41
INFO: key_placer.py:486: Using internal autorouter method
DEBUG: board_modifier.py:592: Routing at F.Cu layer
DEBUG: board_modifier.py:609: Netclass: Default, track width: 200000
DEBUG: board_modifier.py:675: Routing pad 'SW42:2' at (121285000, 80645000) with pad 'D41:2' at (128905000, 82105000) using coordinate system rotated by 0 degree(s)
INFO: key_placer.py:484: Routing SW41 with D40
INFO: key_placer.py:486: Using internal autorouter method
DEBUG: board_modifier.py:592: Routing at F.Cu layer
DEBUG: board_modifier.py:609: Netclass: Default, track width: 200000
DEBUG: board_modifier.py:675: Routing pad 'SW41:2' at (102235000, 80645000) with pad 'D40:2' at (109855000, 82105000) using coordinate system rotated by 0 degree(s)
INFO: key_placer.py:484: Routing SW40 with D39
INFO: key_placer.py:486: Using internal autorouter method
DEBUG: board_modifier.py:592: Routing at F.Cu layer
DEBUG: board_modifier.py:609: Netclass: Default, track width: 200000
DEBUG: board_modifier.py:675: Routing pad 'SW40:2' at (83185000, 80645000) with pad 'D39:2' at (90805000, 82105000) using coordinate system rotated by 0 degree(s)
INFO: key_placer.py:484: Routing SW39 with D38
INFO: key_placer.py:486: Using internal autorouter method
DEBUG: board_modifier.py:592: Routing at F.Cu layer
DEBUG: board_modifier.py:609: Netclass: Default, track width: 200000
DEBUG: board_modifier.py:675: Routing pad 'SW39:2' at (64135000, 80645000) with pad 'D38:2' at (71755000, 82105000) using coordinate system rotated by 0 degree(s)
INFO: key_placer.py:484: Routing SW38 with D37
INFO: key_placer.py:486: Using internal autorouter method
DEBUG: board_modifier.py:592: Routing at F.Cu layer
DEBUG: board_modifier.py:609: Netclass: Default, track width: 200000
DEBUG: board_modifier.py:675: Routing pad 'SW38:2' at (40322500, 80645000) with pad 'D37:2' at (47942500, 82105000) using coordinate system rotated by 0 degree(s)
INFO: key_placer.py:484: Routing SW37 with D36
INFO: key_placer.py:486: Using internal autorouter method
DEBUG: board_modifier.py:592: Routing at F.Cu layer
DEBUG: board_modifier.py:609: Netclass: Default, track width: 200000
DEBUG: board_modifier.py:675: Routing pad 'SW37:2' at (445135000, 61595000) with pad 'D36:2' at (452755000, 63055000) using coordinate system rotated by 0 degree(s)
INFO: key_placer.py:484: Routing SW36 with D35
INFO: key_placer.py:486: Using internal autorouter method
DEBUG: board_modifier.py:592: Routing at F.Cu layer
DEBUG: board_modifier.py:609: Netclass: Default, track width: 200000
DEBUG: board_modifier.py:675: Routing pad 'SW36:2' at (426085000, 61595000) with pad 'D35:2' at (433705000, 63055000) using coordinate system rotated by 0 degree(s)
INFO: key_placer.py:484: Routing SW35 with D34
INFO: key_placer.py:486: Using internal autorouter method
DEBUG: board_modifier.py:592: Routing at F.Cu layer
DEBUG: board_modifier.py:609: Netclass: Default, track width: 200000
DEBUG: board_modifier.py:675: Routing pad 'SW35:2' at (407035000, 61595000) with pad 'D34:2' at (414655000, 63055000) using coordinate system rotated by 0 degree(s)
INFO: key_placer.py:484: Routing SW34 with D33
INFO: key_placer.py:486: Using internal autorouter method
DEBUG: board_modifier.py:592: Routing at F.Cu layer
DEBUG: board_modifier.py:609: Netclass: Default, track width: 200000
DEBUG: board_modifier.py:675: Routing pad 'SW34:2' at (387985000, 61595000) with pad 'D33:2' at (395605000, 63055000) using coordinate system rotated by 0 degree(s)
INFO: key_placer.py:484: Routing SW33 with D32
INFO: key_placer.py:486: Using internal autorouter method
DEBUG: board_modifier.py:592: Routing at F.Cu layer
DEBUG: board_modifier.py:609: Netclass: Default, track width: 200000
DEBUG: board_modifier.py:675: Routing pad 'SW33:2' at (364172500, 61595000) with pad 'D32:2' at (371792500, 63055000) using coordinate system rotated by 0 degree(s)
INFO: key_placer.py:484: Routing SW32 with D31
INFO: key_placer.py:486: Using internal autorouter method
DEBUG: board_modifier.py:592: Routing at F.Cu layer
DEBUG: board_modifier.py:609: Netclass: Default, track width: 200000
DEBUG: board_modifier.py:675: Routing pad 'SW32:2' at (345122500, 61595000) with pad 'D31:2' at (352742500, 63055000) using coordinate system rotated by 0 degree(s)
INFO: key_placer.py:484: Routing SW31 with D30
INFO: key_placer.py:486: Using internal autorouter method
DEBUG: board_modifier.py:592: Routing at F.Cu layer
DEBUG: board_modifier.py:609: Netclass: Default, track width: 200000
DEBUG: board_modifier.py:675: Routing pad 'SW31:2' at (326072500, 61595000) with pad 'D30:2' at (333692500, 63055000) using coordinate system rotated by 0 degree(s)
INFO: key_placer.py:484: Routing SW30 with D29
INFO: key_placer.py:486: Using internal autorouter method
DEBUG: board_modifier.py:592: Routing at F.Cu layer
DEBUG: board_modifier.py:609: Netclass: Default, track width: 200000
DEBUG: board_modifier.py:675: Routing pad 'SW30:2' at (292735000, 61595000) with pad 'D29:2' at (300355000, 63055000) using coordinate system rotated by 0 degree(s)
INFO: key_placer.py:484: Routing SW29 with D28
INFO: key_placer.py:486: Using internal autorouter method
DEBUG: board_modifier.py:592: Routing at F.Cu layer
DEBUG: board_modifier.py:609: Netclass: Default, track width: 200000
DEBUG: board_modifier.py:675: Routing pad 'SW29:2' at (264160000, 61595000) with pad 'D28:2' at (271780000, 63055000) using coordinate system rotated by 0 degree(s)
INFO: key_placer.py:484: Routing SW28 with D27
INFO: key_placer.py:486: Using internal autorouter method
DEBUG: board_modifier.py:592: Routing at F.Cu layer
DEBUG: board_modifier.py:609: Netclass: Default, track width: 200000
DEBUG: board_modifier.py:675: Routing pad 'SW28:2' at (245110000, 61595000) with pad 'D27:2' at (252730000, 63055000) using coordinate system rotated by 0 degree(s)
INFO: key_placer.py:484: Routing SW27 with D26
INFO: key_placer.py:486: Using internal autorouter method
DEBUG: board_modifier.py:592: Routing at F.Cu layer
DEBUG: board_modifier.py:609: Netclass: Default, track width: 200000
DEBUG: board_modifier.py:675: Routing pad 'SW27:2' at (226060000, 61595000) with pad 'D26:2' at (233680000, 63055000) using coordinate system rotated by 0 degree(s)
INFO: key_placer.py:484: Routing SW26 with D25
INFO: key_placer.py:486: Using internal autorouter method
DEBUG: board_modifier.py:592: Routing at F.Cu layer
DEBUG: board_modifier.py:609: Netclass: Default, track width: 200000
DEBUG: board_modifier.py:675: Routing pad 'SW26:2' at (207010000, 61595000) with pad 'D25:2' at (214630000, 63055000) using coordinate system rotated by 0 degree(s)
INFO: key_placer.py:484: Routing SW25 with D24
INFO: key_placer.py:486: Using internal autorouter method
DEBUG: board_modifier.py:592: Routing at F.Cu layer
DEBUG: board_modifier.py:609: Netclass: Default, track width: 200000
DEBUG: board_modifier.py:675: Routing pad 'SW25:2' at (187960000, 61595000) with pad 'D24:2' at (195580000, 63055000) using coordinate system rotated by 0 degree(s)
INFO: key_placer.py:484: Routing SW24 with D23
INFO: key_placer.py:486: Using internal autorouter method
DEBUG: board_modifier.py:592: Routing at F.Cu layer
DEBUG: board_modifier.py:609: Netclass: Default, track width: 200000
DEBUG: board_modifier.py:675: Routing pad 'SW24:2' at (168910000, 61595000) with pad 'D23:2' at (176530000, 63055000) using coordinate system rotated by 0 degree(s)
INFO: key_placer.py:484: Routing SW23 with D22
INFO: key_placer.py:486: Using internal autorouter method
DEBUG: board_modifier.py:592: Routing at F.Cu layer
DEBUG: board_modifier.py:609: Netclass: Default, track width: 200000
DEBUG: board_modifier.py:675: Routing pad 'SW23:2' at (149860000, 61595000) with pad 'D22:2' at (157480000, 63055000) using coordinate system rotated by 0 degree(s)
INFO: key_placer.py:484: Routing SW22 with D21
INFO: key_placer.py:486: Using internal autorouter method
DEBUG: board_modifier.py:592: Routing at F.Cu layer
DEBUG: board_modifier.py:609: Netclass: Default, track width: 200000
DEBUG: board_modifier.py:675: Routing pad 'SW22:2' at (130810000, 61595000) with pad 'D21:2' at (138430000, 63055000) using coordinate system rotated by 0 degree(s)
INFO: key_placer.py:484: Routing SW21 with D20
INFO: key_placer.py:486: Using internal autorouter method
DEBUG: board_modifier.py:592: Routing at F.Cu layer
DEBUG: board_modifier.py:609: Netclass: Default, track width: 200000
DEBUG: board_modifier.py:675: Routing pad 'SW21:2' at (111760000, 61595000) with pad 'D20:2' at (119380000, 63055000) using coordinate system rotated by 0 degree(s)
INFO: key_placer.py:484: Routing SW20 with D19
INFO: key_placer.py:486: Using internal autorouter method
DEBUG: board_modifier.py:592: Routing at F.Cu layer
DEBUG: board_modifier.py:609: Netclass: Default, track width: 200000
DEBUG: board_modifier.py:675: Routing pad 'SW20:2' at (92710000, 61595000) with pad 'D19:2' at (100330000, 63055000) using coordinate system rotated by 0 degree(s)
INFO: key_placer.py:484: Routing SW19 with D18
INFO: key_placer.py:486: Using internal autorouter method
DEBUG: board_modifier.py:592: Routing at F.Cu layer
DEBUG: board_modifier.py:609: Netclass: Default, track width: 200000
DEBUG: board_modifier.py:675: Routing pad 'SW19:2' at (73660000, 61595000) with pad 'D18:2' at (81280000, 63055000) using coordinate system rotated by 0 degree(s)
INFO: key_placer.py:484: Routing SW18 with D17
INFO: key_placer.py:486: Using internal autorouter method
DEBUG: board_modifier.py:592: Routing at F.Cu layer
DEBUG: board_modifier.py:609: Netclass: Default, track width: 200000
DEBUG: board_modifier.py:675: Routing pad 'SW18:2' at (54610000, 61595000) with pad 'D17:2' at (62230000, 63055000) using coordinate system rotated by 0 degree(s)
INFO: key_placer.py:484: Routing SW17 with D16
INFO: key_placer.py:486: Using internal autorouter method
DEBUG: board_modifier.py:592: Routing at F.Cu layer
DEBUG: board_modifier.py:609: Netclass: Default, track width: 200000
DEBUG: board_modifier.py:675: Routing pad 'SW17:2' at (35560000, 61595000) with pad 'D16:2' at (43180000, 63055000) using coordinate system rotated by 0 degree(s)
INFO: key_placer.py:484: Routing SW16 with D15
INFO: key_placer.py:486: Using internal autorouter method
DEBUG: board_modifier.py:592: Routing at F.Cu layer
DEBUG: board_modifier.py:609: Netclass: Default, track width: 200000
DEBUG: board_modifier.py:675: Routing pad 'SW16:2' at (364172500, 33020000) with pad 'D15:2' at (371792500, 34480000) using coordinate system rotated by 0 degree(s)
INFO: key_placer.py:484: Routing SW15 with D14
INFO: key_placer.py:486: Using internal autorouter method
DEBUG: board_modifier.py:592: Routing at F.Cu layer
DEBUG: board_modifier.py:609: Netclass: Default, track width: 200000
DEBUG: board_modifier.py:675: Routing pad 'SW15:2' at (345122500, 33020000) with pad 'D14:2' at (352742500, 34480000) using coordinate system rotated by 0 degree(s)
INFO: key_placer.py:484: Routing SW14 with D13
INFO: key_placer.py:486: Using internal autorouter method
DEBUG: board_modifier.py:592: Routing at F.Cu layer
DEBUG: board_modifier.py:609: Netclass: Default, track width: 200000
DEBUG: board_modifier.py:675: Routing pad 'SW14:2' at (326072500, 33020000) with pad 'D13:2' at (333692500, 34480000) using coordinate system rotated by 0 degree(s)
INFO: key_placer.py:484: Routing SW13 with D12
INFO: key_placer.py:486: Using internal autorouter method
DEBUG: board_modifier.py:592: Routing at F.Cu layer
DEBUG: board_modifier.py:609: Netclass: Default, track width: 200000
DEBUG: board_modifier.py:675: Routing pad 'SW13:2' at (302260000, 33020000) with pad 'D12:2' at (309880000, 34480000) using coordinate system rotated by 0 degree(s)
INFO: key_placer.py:484: Routing SW12 with D11
INFO: key_placer.py:486: Using internal autorouter method
DEBUG: board_modifier.py:592: Routing at F.Cu layer
DEBUG: board_modifier.py:609: Netclass: Default, track width: 200000
DEBUG: board_modifier.py:675: Routing pad 'SW12:2' at (283210000, 33020000) with pad 'D11:2' at (290830000, 34480000) using coordinate system rotated by 0 degree(s)
INFO: key_placer.py:484: Routing SW11 with D10
INFO: key_placer.py:486: Using internal autorouter method
DEBUG: board_modifier.py:592: Routing at F.Cu layer
DEBUG: board_modifier.py:609: Netclass: Default, track width: 200000
DEBUG: board_modifier.py:675: Routing pad 'SW11:2' at (264160000, 33020000) with pad 'D10:2' at (271780000, 34480000) using coordinate system rotated by 0 degree(s)
INFO: key_placer.py:484: Routing SW10 with D9
INFO: key_placer.py:486: Using internal autorouter method
DEBUG: board_modifier.py:592: Routing at F.Cu layer
DEBUG: board_modifier.py:609: Netclass: Default, track width: 200000
DEBUG: board_modifier.py:675: Routing pad 'SW10:2' at (245110000, 33020000) with pad 'D9:2' at (252730000, 34480000) using coordinate system rotated by 0 degree(s)
INFO: key_placer.py:484: Routing SW9 with D8
INFO: key_placer.py:486: Using internal autorouter method
DEBUG: board_modifier.py:592: Routing at F.Cu layer
DEBUG: board_modifier.py:609: Netclass: Default, track width: 200000
DEBUG: board_modifier.py:675: Routing pad 'SW9:2' at (216535000, 33020000) with pad 'D8:2' at (224155000, 34480000) using coordinate system rotated by 0 degree(s)
INFO: key_placer.py:484: Routing SW8 with D7
INFO: key_placer.py:486: Using internal autorouter method
DEBUG: board_modifier.py:592: Routing at F.Cu layer
DEBUG: board_modifier.py:609: Netclass: Default, track width: 200000
DEBUG: board_modifier.py:675: Routing pad 'SW8:2' at (197485000, 33020000) with pad 'D7:2' at (205105000, 34480000) using coordinate system rotated by 0 degree(s)
INFO: key_placer.py:484: Routing SW7 with D6
INFO: key_placer.py:486: Using internal autorouter method
DEBUG: board_modifier.py:592: Routing at F.Cu layer
DEBUG: board_modifier.py:609: Netclass: Default, track width: 200000
DEBUG: board_modifier.py:675: Routing pad 'SW7:2' at (178435000, 33020000) with pad 'D6:2' at (186055000, 34480000) using coordinate system rotated by 0 degree(s)
INFO: key_placer.py:484: Routing SW6 with D5
INFO: key_placer.py:486: Using internal autorouter method
DEBUG: board_modifier.py:592: Routing at F.Cu layer
DEBUG: board_modifier.py:609: Netclass: Default, track width: 200000
DEBUG: board_modifier.py:675: Routing pad 'SW6:2' at (159385000, 33020000) with pad 'D5:2' at (167005000, 34480000) using coordinate system rotated by 0 degree(s)
INFO: key_placer.py:484: Routing SW5 with D4
INFO: key_placer.py:486: Using internal autorouter method
DEBUG: board_modifier.py:592: Routing at F.Cu layer
DEBUG: board_modifier.py:609: Netclass: Default, track width: 200000
DEBUG: board_modifier.py:675: Routing pad 'SW5:2' at (130810000, 33020000) with pad 'D4:2' at (138430000, 34480000) using coordinate system rotated by 0 degree(s)
INFO: key_placer.py:484: Routing SW4 with D3
INFO: key_placer.py:486: Using internal autorouter method
DEBUG: board_modifier.py:592: Routing at F.Cu layer
DEBUG: board_modifier.py:609: Netclass: Default, track width: 200000
DEBUG: board_modifier.py:675: Routing pad 'SW4:2' at (111760000, 33020000) with pad 'D3:2' at (119380000, 34480000) using coordinate system rotated by 0 degree(s)
INFO: key_placer.py:484: Routing SW3 with D2
INFO: key_placer.py:486: Using internal autorouter method
DEBUG: board_modifier.py:592: Routing at F.Cu layer
DEBUG: board_modifier.py:609: Netclass: Default, track width: 200000
DEBUG: board_modifier.py:675: Routing pad 'SW3:2' at (92710000, 33020000) with pad 'D2:2' at (100330000, 34480000) using coordinate system rotated by 0 degree(s)
INFO: key_placer.py:484: Routing SW2 with D1
INFO: key_placer.py:486: Using internal autorouter method
DEBUG: board_modifier.py:592: Routing at F.Cu layer
DEBUG: board_modifier.py:609: Netclass: Default, track width: 200000
DEBUG: board_modifier.py:675: Routing pad 'SW2:2' at (73660000, 33020000) with pad 'D1:2' at (81280000, 34480000) using coordinate system rotated by 0 degree(s)
INFO: key_placer.py:518: Removing dangling tracks
INFO: edge_generator.py:132: Running board edge generation around selected footprints
